driverId,name,ssn,location,certified,wage-plan
10,Christopher Meadows,208-74-2411,"0157 Peck Summit
West Yvette, NY 09226",Y,hours
11,Cameron Best,035-92-3315,"6134 Smith Stravenue
Romerotown, IL 49947",Y,hours
12,Richard Strong,787-18-3828,"932 Elizabeth Square Apt. 413
North Karenstad, MA 40453",Y,hours
13,Cindy Ortiz,621-08-6417,"604 Robin Landing Suite 811
Vasquezview, HI 74335",N,miles
14,Stephanie Gonzalez DDS,679-77-6156,"867 Barber Center Suite 920
Adamsfort, VA 62632",Y,miles
15,Bryan Patterson,544-42-6722,"48312 Williams Avenue
New Patriciafort, ME 71946",N,miles
16,Ashley Stewart,285-63-3209,"879 Murphy Village
Smithmouth, MS 96369",N,miles
17,Stephanie Anderson,551-75-5015,"1055 Smith Mall
Port Michaelton, CT 82000",Y,miles
18,William Francis,781-19-8353,"2948 Cook Walk
Brownfurt, AR 82163",Y,miles
19,Timothy Lynch,689-65-2136,"1702 Sarah Curve
Sherryberg, GA 33724",Y,miles
20,Max Mueller,778-30-1448,"72119 Thomas Fords
Valerieville, CO 03799",Y,miles
21,Tony Diaz,244-51-5525,"43625 Christopher Mills Apt. 220
Wardborough, CO 60703",Y,miles
22,Jim Maddox,727-99-0911,"0596 Christina Avenue
South Kenneth, WV 10492",N,miles
23,Deborah Good,053-31-8408,"07037 Debra Roads Suite 505
Fitzgeraldfurt, KS 42948",N,miles
24,David Harper,438-19-4627,"Unit 0521 Box 2511
DPO AA 51153",Y,miles
25,Mario Chambers,253-46-1807,"PSC 2570, Box 0221
APO AE 10689",Y,hours
26,Cory Walker,890-48-3020,"611 Cunningham Burgs Suite 198
West Alanbury, MP 96992",Y,hours
27,James Mullins,780-62-1764,"1363 Jennifer Walks
New Loribury, OR 19164",Y,miles
28,Nathan Velazquez,178-06-6853,"4506 Parker Prairie
Schmittmouth, OK 28346",Y,miles
29,Katie Shaw,579-34-0154,"9319 Rodriguez Station Suite 301
Lopeztown, IN 53827",Y,hours
30,Lisa Giles,719-73-6859,"Unit 9204 Box 8631
DPO AP 51912",Y,miles
31,Melissa Grimes,680-32-8509,"147 Tran Center
New Antonioton, NC 59606",Y,hours
32,Lisa Perez,148-65-0466,"98950 Smith Walks
West Benjamin, TN 06692",N,miles
33,Steven Johnson,308-15-4650,"450 Brandon Cliff Apt. 718
Martinezport, NY 20105",Y,miles
34,Kelli Johnson,745-75-9391,"47636 Steven Tunnel
West Michele, UT 07790",N,hours
35,Anthony Fritz,425-68-1405,"728 Kemp Neck
North Jameston, NE 76520",Y,miles
36,Sara Landry,124-82-1916,"405 Amanda Center
Johnburgh, AL 86222",N,miles
37,Taylor Leon,360-11-0005,"41900 Andrade Glen
New Amanda, UT 56567",Y,miles
38,Charles Schultz,549-44-7896,"012 Johnson Islands
New David, MP 14325",Y,hours
39,Ryan Johnson,774-50-4133,"683 Anderson Ridge Apt. 401
Lake Richardport, VI 48365",Y,hours
40,Justin Baker,708-36-7566,"USCGC Hodges
FPO AE 10017",N,hours
41,Deborah Davis,898-90-5063,"77669 Padilla Harbors
Lake Kathrynmouth, RI 35711",Y,hours
42,Deborah Elliott,297-45-5442,"9630 Karen Vista Apt. 701
New Russell, NY 49879",Y,hours
43,John Rosales,663-55-9325,"216 Kirby Trafficway
South Dianaburgh, MN 80932",N,hours
44,Erik Page,533-82-3927,"9478 Sanford Summit
Lake Krystalside, IN 33000",N,miles
45,Mary Rush,202-05-5051,"245 Blake Plain
East Joannashire, RI 40641",Y,hours
46,Monique Velasquez,006-14-3267,"91990 Glenn Center
Christopherville, FL 98171",Y,hours
47,Peggy Carpenter,468-20-5460,"673 Brianna Rue
Scottville, FL 90353",Y,miles
48,William Palmer,620-75-6978,"6138 Pamela Shore
Lake Amyville, WA 86210",Y,hours
49,Amanda Herrera,134-25-1876,"693 Meyers Crossing Suite 191
Rogersfurt, GU 80439",Y,miles
50,Gregory Greene,512-93-7414,"44200 Gabriel Hollow
South Charles, CT 32613",Y,miles
51,Mr. Andrew Boone,808-04-7429,"7292 Rivera Summit
West Deborahfort, IA 31116",N,hours
52,Nicholas Estrada,150-44-4582,"546 Eric Branch Suite 479
Robertton, OH 14358",Y,miles
53,Adam Flores,615-80-7944,"439 Bates Well Suite 793
North Kayleestad, WA 87804",N,miles
54,Diane Ball,469-14-7919,"PSC 8672, Box 6263
APO AP 11396",Y,hours
55,Thomas Williams,854-85-2624,"480 Miller Radial
Patriciafurt, MD 43870",N,miles
56,Marcus Carr,536-76-0670,"12698 Mullen Crescent Suite 776
Port Nicholas, CO 69190",Y,hours
57,Jenna Walsh,886-81-8993,"07169 Brewer Track Apt. 759
Marquezberg, PA 25028",N,miles
58,Cassandra Mosley,099-12-4990,"9850 Curry Parkways Apt. 288
Port Lawrence, SC 69000",N,hours
59,Eric Bowers,871-51-4465,"90522 Jenna Islands Apt. 741
East Mark, ID 55202",Y,miles
60,Briana Tran,151-57-2980,"0034 Edward River Suite 015
New Dawn, MH 33562",N,hours
61,Amanda Stark,060-38-1689,"17409 Carroll Walks Apt. 513
West Joshua, NY 30684",Y,hours
62,Christine Wade,781-06-3819,"933 Shelia Burgs Suite 841
Veronicaland, WY 55757",N,miles
63,Peter Stewart,068-61-1623,"8092 Bennett Groves
Emilytown, NC 98506",N,hours
64,Lindsey Bailey,327-40-0280,"PSC 5316, Box 2340
APO AE 50645",N,hours
65,Jamie Garrett,489-26-6754,"29363 Romero Vista
Grahamfort, FM 11523",Y,hours
66,Kelly Hampton,022-68-4112,"016 Gabrielle Tunnel Suite 795
South Alexandria, NM 41213",Y,hours
67,Greg Campbell,737-57-3422,"817 Snyder Course Apt. 996
West Michael, AZ 52147",N,hours
68,Austin Warren,527-85-8919,"33506 Desiree Haven
Stevenside, DE 70205",Y,miles
69,Mariah Clarke,217-95-3301,"0666 Johnson Stream Apt. 371
Tammyborough, MS 03452",Y,miles
70,Zachary Aguirre,804-40-7616,"77496 Mitchell Circle
Williamsbury, RI 35788",Y,miles
71,Brittany Jenkins,114-70-2529,"1145 Frank Ford
Goldenshire, MD 12597",Y,miles
72,Mario Smith,873-24-1774,"811 Mills Unions
North Jeffrey, CA 24878",N,hours
73,Michelle Perez,406-47-7337,"00395 Nancy Corner
Samuelbury, VA 93847",N,miles
74,Ann Cummings,414-51-7176,"28646 Chavez Harbor
Port Kathleenside, ND 73451",N,miles
75,Kerry Smith,439-81-0101,"683 Oliver Throughway
West Michaelland, AZ 43631",N,miles
76,Jonathan Garcia,031-05-3948,"5595 Mathew Burgs Suite 388
Reedview, TN 53180",N,hours
77,Joshua Spencer,507-18-9861,"0978 Daniel Mill
Wagnerberg, MT 11142",Y,hours
78,Julian Smith,500-16-8245,"0611 Grimes Haven Suite 754
Jonesmouth, MH 80155",Y,hours
79,Brian Pham,453-34-1316,"8510 Joshua Trail
Nathanborough, AL 44024",N,hours
80,Chad Sanchez,317-45-2541,"43296 Anderson Parkway
Bethport, MA 04838",N,hours
81,Jerry Bird,797-78-5695,"877 Walls Lane Suite 446
Lake Danielfurt, TX 62047",N,miles
82,Zachary Diaz,820-97-4762,"9324 Lewis Circles
Thompsonmouth, KY 69767",N,miles
83,William Davis,647-12-0138,"55661 Mann Camp
Port James, AR 48184",N,miles
84,Stephen Gomez,159-33-4089,"Unit 2409 Box 8240
DPO AE 05261",Y,hours
85,Travis Gomez,431-19-5804,"4551 Williams Ville
Lake Lauraport, GA 17450",Y,hours
86,Lauren Burns,062-75-7329,"9860 Lang Viaduct
New Joseph, CA 84715",Y,miles
87,Tracey Bryant,591-38-7747,"6243 Greene Brook
Franciscofort, ID 82486",N,miles
88,Mark Allen,779-86-6961,"5702 Chaney Grove Apt. 259
Hortonshire, AK 43409",N,miles
89,Michael Johnson,761-68-6611,"PSC 3488, Box 0117
APO AP 46794",N,miles
90,Tara Johnson,017-60-1354,"7439 Smith Shoal Suite 988
Laurenhaven, DE 46466",N,miles
91,Eric Church,034-17-8069,"134 Gregory Field Suite 117
Port Anaborough, SD 03256",Y,hours
92,Roberto Baker,019-10-2876,"481 Hernandez Square
Normanshire, MS 71093",N,hours
93,Lauren Williams,828-88-9838,"Unit 4928 Box 4112
DPO AE 98363",Y,miles
94,Ashley Carlson,851-27-0271,"1506 Nelson Cape
New Steven, NE 05097",Y,miles
95,Sabrina Long,488-30-7736,"434 Patton Mountain
Sandraton, TX 14810",Y,hours
96,Stephanie Scott,563-38-2433,"776 Sharon Wells Apt. 644
West Travis, CO 62138",Y,hours
97,Eric Boone,576-92-0094,"19870 Logan Ridge
Russellton, NH 92677",N,hours
98,Daniel Lawson,307-01-8067,"5132 Shaffer Mission Apt. 096
Rebeccafort, CO 64633",N,hours
99,Crystal Mills,427-40-7169,"Unit 3941 Box 7822
DPO AE 69443",Y,hours
100,Thomas Hart,652-56-1078,"35740 Price Crest Apt. 898
Nicoleburgh, ID 81907",Y,miles
101,Kelly Combs,370-04-5619,"81540 Sherman Drive
New Kelly, KS 72265",N,miles
102,Dustin Bailey,018-82-5972,"6991 Alicia Villages
Port Crystalport, ME 57786",N,hours
103,Shane Nguyen,832-99-3092,"4894 Mark Wall Apt. 761
Ortizton, NY 65061",Y,miles
104,Sophia Wall,182-84-5523,"6612 Meyer Ville
New Caitlin, PA 50035",Y,miles
105,Elizabeth Ortiz,668-62-5642,"19176 Rhonda Keys Suite 968
Caseyville, WY 14852",N,hours
106,Cheryl Pratt,516-83-3460,"992 David Falls
New Samanthaburgh, KY 87548",Y,hours
107,Jennifer Stephens,746-80-8941,"6300 Darren Motorway Apt. 168
Alvarezfurt, TN 67538",N,miles
108,Ryan Taylor,257-25-7488,"519 Holmes Crossing
Port Laurafurt, CO 55220",N,hours
109,Rebecca Allen,725-17-9535,"2731 John Trace Suite 216
South Glenn, GA 93210",N,miles
110,Elizabeth Tyler,441-21-2304,"033 Sullivan Freeway
Crystalville, MO 06046",Y,hours
111,Joseph Hickman,034-38-6597,"632 Paige Fort
Teresaborough, VI 68130",N,hours
112,Peter Ryan,604-39-7735,"1226 Gonzalez Viaduct
West Crystalville, OK 50828",N,miles
113,Ashley King,411-59-5821,"68984 Natalie Loaf Apt. 400
Port Randyview, NM 17445",Y,miles
114,Joseph Flowers,719-58-2093,"04195 White Locks
Davidfort, NH 62400",N,miles
115,Jimmy Davis,127-96-4844,"8902 Black Lodge
North Nathanhaven, CO 20010",N,miles
116,Shawn Taylor,404-58-7416,"562 Angela Estates Apt. 832
Rodriguezfort, WV 55483",Y,miles
117,Joshua Wright,809-83-6416,"769 David Track
Lake Lisatown, AR 77286",Y,hours
118,April Davenport,295-65-5628,"39249 Tony Drives Apt. 251
West Lauraside, CA 36432",Y,miles
119,Logan Johnson,145-98-2200,"374 Singh Run
West Calebtown, ND 41162",Y,hours
120,Daniel Watson,685-18-8772,"27167 Melissa Point Apt. 414
Ashleymouth, OH 00628",N,hours
121,Melissa Conrad,146-45-8322,"6545 Odonnell Trail
Cainmouth, AK 63779",N,miles
122,Antonio King,847-59-6014,"594 Dennis Dale
East Ashleyton, MD 35004",Y,hours
123,Christine Jones,566-24-6680,"8373 Connie Port Suite 816
Lynnburgh, SC 88576",N,hours
124,James Fernandez DDS,853-95-2514,"71908 Patricia Spring
Mullenhaven, VA 37277",Y,miles
125,Rachel Howe,404-13-5708,"PSC 6380, Box 9369
APO AA 45476",N,miles
126,Thomas Harrington,589-55-1493,"1507 Li Lodge Suite 884
Lake Chelseaview, MA 91823",N,miles
127,Timothy Russell,646-66-5187,"299 Karen Prairie
East Brianton, VA 01154",Y,hours
128,Michelle Luna,130-66-2347,"70628 Brian Roads
Haroldmouth, FM 62394",N,hours
129,Jody Gutierrez,095-33-9291,"622 Marquez Brook
Bensonfort, NM 40689",N,hours
130,Karen Mills,620-31-4972,"Unit 0757 Box 4507
DPO AE 20720",N,miles
131,Denise Thomas,587-68-6859,"8287 Davidson Square
Burtonberg, IN 21068",Y,hours
132,Jasmine Frey,372-30-8746,"486 Frederick Mission
Simsland, LA 16237",N,miles
133,Brett Patterson,791-51-7311,"97445 Wong Ridge Apt. 090
New Ricardo, ME 54600",Y,hours
134,Zachary Dunn,530-60-6316,"Unit 3280 Box 9261
DPO AP 97961",N,hours
135,Sandra Carroll,387-71-2071,"184 Morales Highway
Port Davidberg, NM 25613",N,miles
136,Emily Leonard,638-20-9592,"504 Mendez Grove Suite 890
New Jaredside, ID 78095",Y,miles
137,Michael Nguyen,740-08-3584,"4207 Yesenia Lodge
North Marie, LA 74142",Y,hours
138,Lindsey Burke,074-96-0377,"40472 Spencer Village Suite 589
Lake Thomasland, PA 79370",N,hours
139,Kathryn Potter,262-56-3009,"Unit 4193 Box 2932
DPO AP 76945",Y,hours
140,Melissa Ruiz,373-57-3515,"PSC 8339, Box 0860
APO AA 87484",Y,hours
141,Allen Johnson,185-09-2854,"0942 Joseph Glens
Lake Albert, NM 26126",Y,miles
142,Emily Ball,261-97-2460,"19271 Graham Way Suite 697
Lake Stevenborough, OR 41859",N,hours
143,Alan Adams,357-29-6398,"USS Jones
FPO AP 35823",Y,miles
144,Rebecca Chandler,454-61-7393,"42369 Sabrina Glen
Lake Codyland, WI 04394",N,hours
145,Kelsey Brown,302-63-0338,"4056 Bennett Burgs Suite 358
West Lisa, NY 08520",N,hours
146,Daniel Rogers,463-53-7589,"28871 Mary Track
Ortegahaven, NE 45772",Y,hours
147,Sarah Mills PhD,228-37-0246,"579 Jeffrey Avenue
Katrinaville, DE 56555",Y,miles
148,Diana Fitzgerald,098-79-2419,"7014 Amy Shoal Suite 982
East Petermouth, ME 61751",Y,hours
149,Tyler Smith,737-84-1703,"79233 Martinez Branch
North Nancychester, KY 29864",Y,miles
150,Mr. Travis Gray,304-06-5814,"54280 Peterson Stravenue
Heidishire, MN 18391",Y,miles
151,Kenneth Smith,858-01-8861,"898 Michaela Union
West Brianna, NJ 02089",Y,miles
152,Cheryl Lee,277-13-3123,"4388 Leblanc Parkway
Lake Alicia, IN 67266",Y,hours
153,Samuel Davis,341-50-7320,"477 Becker Parkways Apt. 405
Stephaniemouth, ID 45638",Y,miles
154,Heather George,795-35-5065,"325 Jennifer Viaduct
New Bradleyfurt, WA 03278",N,hours
155,Mary Smith,507-31-8892,"058 April Route Apt. 598
East Sarah, WI 58657",Y,miles
156,Amanda Smith,513-59-0163,"44460 Shelby Motorway Apt. 088
Larsonbury, HI 89804",Y,miles
157,Xavier Giles,363-67-9951,"56615 Banks Crescent Apt. 348
Karenview, KS 67974",N,hours
158,Sean Wall,524-64-2338,"27906 Martin Dam
New Brendabury, ME 06145",N,miles
159,Alexander Morales,658-76-8299,"7341 Ruben Shores
Lake Rebecca, OK 58692",Y,miles
160,Lance Richards,749-79-8852,"5888 Kristin Springs
West Candiceborough, MO 90579",N,miles
161,Adam Simmons,371-57-5848,"332 Jefferson Mountains
Port Bobbyburgh, DC 92159",Y,hours
162,Michele Carter,058-22-6955,"86436 Friedman Street Suite 321
Terrimouth, MA 84588",Y,hours
163,Candace Oconnell,875-75-0084,"719 Oconnor Plain Suite 266
Lake William, NC 68799",Y,hours
164,Brian Andrews,715-56-5791,"0792 Leslie Lake
Mariahaven, HI 84261",N,miles
165,Angela Cox,853-54-7524,"8985 Myers Courts
Port Johnnyfort, KS 74136",Y,miles
166,Ashley Smith,079-60-0091,"1486 Chambers Ridges
East Kennethmouth, WV 36185",Y,miles
167,Tracy Li,141-53-3291,"69279 Campbell Inlet Apt. 475
North Stanley, OK 53485",Y,hours
168,David Schneider,296-77-3390,"140 Robinson Ridge
North Holly, NC 48410",Y,miles
169,Melissa Knight,190-36-0426,"Unit 7511 Box 9411
DPO AP 30411",N,hours
170,Kevin Hogan,877-39-5868,"1804 Melissa Garden
Lake Royland, CA 19054",N,hours
171,Taylor Smith,002-99-9657,"8934 Davis Brooks
South Anna, AS 65908",N,hours
172,Anthony Perez,369-42-4842,"22142 Kimberly Orchard
South Joseph, AR 47234",Y,miles
173,Brian Lewis,599-97-2257,"48368 Barker Gardens Apt. 457
Jasonfort, TX 31477",N,miles
174,Samuel Perry,426-59-5554,"USS Frye
FPO AA 26031",N,hours
175,Ashley Fox,148-63-6215,"574 Hall Dale
Wrightfort, AK 19562",Y,hours
176,Larry Humphrey,057-41-6241,"11233 Megan Squares Suite 044
East Richard, FM 51478",Y,miles
177,Sue Hill,452-54-9029,"838 Patricia Springs
Weberland, NH 74775",N,miles
178,James Collins,450-14-4856,"224 Daniels Plaza
Port Scottport, KS 78449",Y,miles
179,William Anderson,141-43-3354,"44271 Miranda Spurs Apt. 841
South Steven, NM 96933",N,hours
180,Bradley White,390-23-8507,"447 Katherine Stream
East Tanya, NH 52605",N,hours
181,Kevin Rodriguez,780-62-8146,"0651 Wayne Highway
Heatherbury, FL 92399",N,miles
182,Jorge Dean,758-48-5275,"507 Salazar Lake
Port Monique, FL 54831",N,hours
183,Elizabeth Brown,778-58-7061,"PSC 5886, Box 4575
APO AE 49448",Y,miles
184,Charles Bailey,353-23-3257,"616 Blankenship Trace Apt. 211
North Tammiechester, ME 23962",N,miles
185,Michael Proctor,538-46-4466,"19647 Melissa Trail Suite 500
East Alexa, NV 16403",N,miles
186,Teresa Edwards,051-92-0536,"781 Cortez Course Apt. 615
Port Mark, WA 32055",N,hours
187,Ricardo Taylor,530-70-5961,"489 Elizabeth Drives
Lake Sarahport, NE 13199",Y,hours
188,Victor Collins,418-45-4717,"384 Andrea Extension Suite 229
South Tylerview, ND 65283",Y,hours
189,Christopher Vasquez,644-87-4416,"852 David Square
Ashleymouth, NY 74224",Y,hours
190,James Griffin,311-86-6695,"879 Erickson Orchard Suite 821
Ellisberg, NH 36634",N,hours
191,Melody Davis,147-70-6815,"260 Kelsey Ford
East Destinychester, AR 12784",Y,miles
192,Crystal Smith,380-73-9038,"81189 Matthew Mills
Lindafurt, KY 42577",N,miles
193,Patrick Carpenter,628-98-9149,"18636 Crystal Camp Suite 771
Williamview, OK 32574",N,hours
194,Rachel Shelton,335-28-6494,"847 Jonathan Corner Suite 989
East Nicoleburgh, DE 13174",N,miles
195,Mary Oconnor,311-30-6280,"USS Bridges
FPO AA 40986",N,hours
196,Daniel Kelley,212-75-5183,"95529 Natasha Neck Suite 759
Dennisbury, MI 77499",N,miles
197,Jorge Lee,627-92-9780,"17871 Carpenter Cliff
New Tracyville, UT 85360",Y,miles
198,Bianca Lopez,649-59-4993,"69111 Gardner Landing
North Angelaburgh, OR 65226",N,miles
199,Lisa Branch,587-74-2226,"6567 Ariana Harbor
Brownfort, ID 35782",N,hours
200,Danielle Lewis,773-97-7966,"5060 Bryan Curve Suite 933
South Meganberg, NM 91185",Y,hours
201,William Cruz,104-43-2487,"6048 Smith Extension Suite 523
West Kyle, WI 08072",N,hours
202,Gregory Moyer PhD,784-18-0540,"PSC 6624, Box 0270
APO AP 37714",Y,hours
203,Brandon Hayes,703-08-3737,"528 Tara Gateway
North Maryborough, GA 90259",Y,miles
204,Rhonda Duncan,546-69-2023,"4113 Campbell Cove Suite 816
West Amber, DC 96422",N,miles
205,Robert Gonzalez,233-53-5773,"6250 Stephanie Crossing
Port Travis, MN 36939",N,hours
206,Adriana Jimenez,401-48-2524,"638 Paul Spring
West Jennifermouth, NC 86080",N,miles
207,Amber Wright,662-25-8634,"209 Courtney Rapid
Davidland, WY 92652",N,hours
208,Jordan Greer,844-26-8775,"Unit 4040 Box 0814
DPO AE 26293",Y,hours
209,Teresa Clark,503-34-8795,"02116 Decker Prairie
North Tracy, MD 97596",N,hours
210,Patricia Baker,498-21-8653,"Unit 7489 Box 7621
DPO AA 72183",Y,hours
211,Katie Diaz,012-17-9980,"2733 Elizabeth Highway Suite 631
East Kimberly, PR 90012",Y,miles
212,Bianca Cohen,689-81-5565,"6261 Davidson Ways
North Jasmine, AZ 13105",Y,miles
213,Brittany White,427-84-1764,"14743 Mcdonald Valley Apt. 033
South Brian, ND 89511",N,hours
214,Amanda Jones,643-62-2724,"849 Moore Alley
East Steven, NY 06268",N,miles
215,Janice Barber,446-74-9259,"58345 Krueger Walk Apt. 165
Claireville, SC 61239",Y,hours
216,Lauren Hines,398-31-5297,"5017 Morrow Lakes Suite 413
South Francesborough, AL 20627",N,miles
217,Wesley Lee,051-75-7413,"52357 Williams Dam Apt. 035
South Stephanieburgh, NJ 30007",Y,hours
218,Joshua Wyatt,625-53-2907,"7474 Singleton Crest Suite 690
Lake Jonathanburgh, MH 78996",Y,miles
219,Mr. Stephen Reynolds,015-37-3814,"55075 Logan Mission
Rogerside, NH 90941",Y,miles
220,Joseph Harrison,239-18-3512,"398 Steven Flats
New Lisaburgh, CT 56664",N,miles
221,Juan Ferguson,145-94-4931,"847 James Crossing Apt. 065
Port Reneeview, OR 65847",Y,hours
222,William Rollins,234-03-9276,"Unit 0521 Box 7053
DPO AP 18920",Y,miles
223,Amy Ramirez,223-82-4821,"36758 Robert Prairie Apt. 612
West Robertville, MO 73159",N,miles
224,Michael Wong,315-78-9535,"73810 Tara Street Apt. 337
Port Amybury, MP 05735",Y,miles
225,Ashley Clarke MD,444-83-4223,"23445 Virginia Ville
Lake Matthew, NY 86621",N,hours
226,Mary Smith,280-01-4872,"944 Deborah Spur
North Joseph, MA 01246",N,hours
227,Kellie Mays,178-69-4638,"26902 Bailey Ville Suite 367
Lake Eddie, OR 62308",N,miles
228,Christian Wallace DDS,584-42-5011,"3695 Holmes Prairie
Port Valerie, MT 87865",N,miles
229,Crystal Sutton,148-26-5717,"345 Jacqueline Crescent Suite 463
Fitzpatrickside, ND 14377",Y,hours
230,Destiny Jones,721-14-0153,"9927 Cruz Drive
North Heather, UT 31448",N,miles
231,Sean Stone,795-18-2659,"700 Shannon Spurs
Schmidtshire, NJ 80229",N,miles
232,Nicole Burgess,233-44-5749,"10982 Martinez Point Suite 439
Austinfort, IL 74869",Y,miles
233,Christian Barnes,806-14-1040,"USNV Sanders
FPO AA 67030",Y,hours
234,Jordan Ramos,392-75-5232,"8454 Brown Fields Apt. 513
East Joshuaside, NH 78098",Y,hours
235,Adam Williams,486-56-4736,"877 Burns Locks
Jamesside, MA 24273",N,hours
236,Jason Miller,322-60-8186,"60936 David Center Apt. 897
Port Jonathan, MN 45739",N,miles
237,Victoria Smith,076-65-4121,"USCGC Bauer
FPO AA 39316",N,miles
238,Richard Gilbert,398-31-9945,"63004 Jonathan Mountain
North Rachelberg, WI 33906",N,hours
239,Carolyn Jones,871-13-5482,"62202 Smith Vista
South Christopherport, WY 65027",N,hours
240,Lauren Skinner,246-24-9196,"009 Judith Springs
Port Yolanda, NY 37238",Y,miles
241,Brittany Ramirez,268-94-4283,"USS Holland
FPO AE 29765",N,miles
242,Ryan Skinner,396-93-0607,"4606 Daniel Pike Apt. 881
North Joshua, RI 90153",N,miles
243,Susan Benjamin,695-30-0849,"USNV Gomez
FPO AA 59123",N,miles
244,Mrs. Diane Carrillo,492-26-3882,"928 Hall Radial Suite 770
Lake Valerie, PA 66577",N,miles
245,Lauren Welch,329-93-3735,"USNV Garner
FPO AP 06280",N,hours
246,Michael Farmer,898-12-2827,"070 Bautista Freeway
South Kiaraton, FL 52475",N,hours
247,Donna Tucker,165-92-8262,"99163 Kathryn Brook
Lake Michelle, NV 29943",Y,hours
248,Zachary Gomez,174-58-7335,"73348 Ochoa Valley
Davidfort, FL 87841",N,hours
249,Samantha Thompson,233-42-1288,"USNV Durham
FPO AP 77606",N,miles
250,Ebony Saunders,252-87-4743,"7624 Dillon Point
Crystalfurt, NJ 42911",N,hours
251,Maria Aguilar,829-56-3129,"425 Kristin Pass
Walkerview, LA 85232",Y,hours
252,Elizabeth Smith,391-07-9453,"683 Perez Port
Foxhaven, NC 25234",Y,hours
253,Sharon Brown,059-53-4747,"279 Denise Spring Apt. 503
Johnsonchester, IL 71390",Y,hours
254,Jacob Fitzgerald,104-76-0216,"4952 Duncan Roads Suite 829
East Stephanietown, WI 93378",Y,miles
255,Edward Jackson,517-27-0785,"566 Brown Heights Apt. 714
Emilyview, DC 55428",Y,hours
256,Michael Norris,430-34-3848,"394 Jennifer Fall
Lake Michele, AR 31857",N,miles
257,Brandy Gonzalez,415-47-0591,"35905 Allen Squares
Smithfort, IL 92425",N,hours
258,David Mann,121-67-8134,"272 Coleman Flat Suite 532
East George, OH 82536",N,miles
259,Alex Pena,161-70-1537,"789 Stephen Pass Suite 304
Fuentesberg, NE 13318",N,hours
260,Elizabeth Lowe,009-83-8768,"249 Blankenship Gardens
East Jeremy, UT 65339",Y,hours
261,Tyler Lewis,830-55-2987,"39451 Neal Drives Suite 088
East Kimberlyville, AS 38550",Y,miles
262,Brent Arroyo,713-07-5355,"43176 Anne Wall Suite 904
Lake John, AR 04323",Y,miles
263,Gregory Gibson,333-71-9714,"7768 Williamson Radial
North Erikshire, SD 90811",N,miles
264,Mary Lyons,148-47-7330,"056 Barbara Dam
Jasonland, MD 14465",N,hours
265,Joshua Lopez,103-17-0291,"8498 Cooper Greens
East Gary, FM 85707",N,hours
266,Joseph Sosa,029-23-7517,"0120 Michael Ridge
Ernestfort, CT 79945",N,hours
267,Gloria Rice,175-46-4031,"076 Grimes Causeway Suite 037
Smithmouth, NJ 58902",Y,hours
268,Andrew Russell,661-09-4091,"591 Barry Mountains
Kyleton, MN 82481",Y,miles
269,Tony Edwards,242-54-1250,"163 Adams Unions
Bensonchester, MS 18641",Y,miles
270,Jacob Nguyen,445-73-5073,"494 Taylor Ports
Whitebury, FM 73863",Y,hours
271,Jennifer Jones,513-09-7917,"Unit 9387 Box 3447
DPO AP 77413",N,miles
272,Jody Hall,872-19-4553,"03459 Joseph Path Suite 241
Port James, AS 99227",N,miles
273,Jonathan Nelson,407-98-9637,"0562 Collins Route Apt. 949
Floresland, SC 37165",N,hours
274,Robert Blake,428-09-3215,"217 Christopher Lane
Josephfort, MA 66540",Y,hours
275,David Brown,547-20-7339,"382 Kelly Station Apt. 921
Gavinville, DC 71951",N,hours
276,Ricardo Armstrong,294-73-0864,"Unit 0875 Box 3260
DPO AE 41994",N,hours
277,Patricia Edwards,603-11-9843,"Unit 6147 Box 2205
DPO AP 67287",N,miles
278,Madeline Morgan,101-96-3494,"930 Matthew Port Apt. 576
West Morgan, WI 68068",N,hours
279,Cheryl Gonzalez,756-10-6091,"361 Freeman Mall Apt. 085
Lake Aprilmouth, WI 22020",Y,hours
280,Marissa Kane,456-10-0859,"973 Gutierrez Neck Apt. 472
New Jeremyville, RI 63575",Y,hours
281,Sarah Miller,253-75-2573,"13860 Daisy Union Suite 155
East Lauren, MS 55683",Y,hours
282,Judith Murray,520-67-1732,"753 Dana Vista Apt. 341
Davisfort, ID 88646",Y,miles
283,Thomas Douglas,511-41-7518,"27042 Joseph Brook Suite 134
Jamesstad, WA 25299",Y,miles
284,Alexandria Thomas,044-21-7766,"44133 Hanson Mission Suite 184
Melanieside, MO 46210",Y,miles
285,Elizabeth Burgess,005-57-3162,"7427 Peter Passage
West Toddhaven, IL 44430",N,hours
286,Brian Mclaughlin,327-23-5782,"81615 Samantha Track
Branchland, DE 07370",Y,miles
287,Kyle Moore,844-96-3131,"66857 Brian Hill
New Patriciaborough, ND 87364",N,hours
288,Denise Tucker,209-65-5403,"810 Michelle Roads Suite 099
Mistytown, MH 73604",N,miles
289,Daniel Marquez,736-07-8316,"0986 Ross Trail Suite 390
Christensenfurt, NM 91958",Y,hours
290,Dana Sanchez,800-41-5802,"404 Scott Stravenue Apt. 849
Colleenborough, AL 47837",Y,hours
291,Victor Anderson,167-66-6252,"07803 Sharon Passage
Port Kellie, SC 82804",Y,miles
292,Ronald Torres,585-91-4125,"8524 Brown Freeway Suite 077
New Michaelmouth, CA 43736",N,hours
293,Karen Lang,636-74-9420,"2179 Harper Dale Apt. 845
Lake Kristystad, AS 15854",N,miles
294,Kimberly Smith,396-85-4786,"USNS Clark
FPO AP 82811",N,hours
295,Russell Huang,843-05-0337,"18342 Roberson Crossing Apt. 148
West Jessicabury, PW 26868",N,hours
296,Anna Hicks,503-82-9430,"Unit 0374 Box 2490
DPO AP 40742",Y,hours
297,Jorge Henderson,514-33-3374,"50050 Nguyen Wall
South Jesus, NH 30065",Y,miles
298,Michele Williams,735-12-5694,"88744 Greg Manors
New Michael, PW 93699",N,miles
299,Mrs. Michelle Garner,186-51-6152,"866 Pamela Estates Apt. 490
North Ruth, MS 74231",Y,miles
300,Tiffany White,362-93-5815,"934 David Crossroad
Pottertown, NY 91185",N,miles
301,Joseph Craig,618-49-3125,"1935 Patricia Drive Suite 480
Stevenport, RI 33184",Y,hours
302,Tracy Martin,382-63-5800,"9415 Morales Road Apt. 748
East Bradport, MT 83074",Y,miles
303,Nancy Vasquez,058-21-9185,"535 Ashley Hollow Apt. 125
Port Kelly, MD 63909",Y,hours
304,Kimberly Rodriguez,400-75-8783,"4931 Raymond Locks
West Philipshire, PW 35958",Y,miles
305,Jessica Preston,154-52-1332,"USNS Brown
FPO AA 24860",Y,hours
306,Daniel Grimes,184-69-5710,"USS Stafford
FPO AE 12657",N,miles
307,Christine Andrews,882-97-3404,"5475 Taylor Trail Suite 532
Elizabethtown, NY 54782",Y,hours
308,Daryl Khan,223-32-0503,"434 Thomas Glens
East Kelsey, CA 60379",N,hours
309,Robert Roach,509-84-2139,"2603 Kelley Junction Apt. 586
Lawsonfort, NY 03105",N,hours
310,Kevin Wilson,135-18-1339,"48583 Taylor Fork Apt. 186
South Joseph, KY 85364",Y,hours
311,Megan Myers,604-82-5413,"7319 Denise Prairie Apt. 754
New Joseph, AL 22622",N,miles
312,Bonnie Hall,070-75-7898,"Unit 2657 Box 9220
DPO AE 47203",N,hours
313,Luis Smith,081-97-2840,"01280 Anthony Lights Apt. 184
South Michelle, CT 84743",N,hours
314,Todd Coleman,273-83-0484,"073 Ashley Avenue Apt. 521
Meyerland, MS 08505",Y,hours
315,Stephanie Bell,899-06-6096,"2431 Cesar Gateway
North Garybury, KS 89160",Y,hours
316,Donald Smith,550-19-2516,"890 Mary Causeway Apt. 968
Brownburgh, PW 99653",N,miles
317,Terry Morris,088-66-8709,"243 Stewart Hill
Mullinsfort, LA 26197",N,hours
318,David Perez,346-28-8975,"923 Wells Drives Apt. 824
New Tiffanychester, AR 34850",N,miles
319,Julie Murphy,879-10-9710,"29521 George Mall
Jonathanfurt, ID 76934",N,hours
320,Alison Daugherty,455-01-9412,"079 Jackson Stream Suite 608
West Justin, ID 41838",N,hours
321,Timothy Kerr,087-16-5542,"32659 Cole Plains
New Joshuaville, CO 49009",N,miles
322,Terry Moore,709-54-0939,"088 Briana Mission Suite 863
West Samantha, AZ 41460",Y,miles
323,Dr. Victoria Roy MD,154-18-2730,"460 Joseph View
West Allison, MO 28125",Y,miles
324,Bryan Taylor,855-62-1006,"26427 Salazar Shoal
Hoffmanside, MH 96881",N,hours
325,Robert Rivera,332-85-9460,"83989 Rich Fall
Milesstad, RI 24916",N,miles
326,Shannon Rodriguez,678-21-4443,"892 Rosario Villages
Diazborough, RI 48534",Y,hours
327,Brent Williamson,075-81-8560,"253 Park Extensions Suite 413
Rothfort, AK 19194",N,hours
328,Amy Lambert,558-27-4976,"149 Walker Islands Suite 603
Gregoryfurt, SD 72369",N,miles
329,Kara Garcia,253-07-2280,"1842 Ramirez Course Suite 261
Lake Charles, WV 70786",Y,miles
330,Janet Martin,461-68-5384,"735 Robert Green Suite 576
Donnaport, MH 74214",Y,miles
331,Teresa Moore,379-09-3277,"USNV Stone
FPO AA 95697",N,hours
332,Aaron Mendoza,276-12-7477,"6064 David Groves
Medinatown, SC 82259",Y,hours
333,Christopher Marshall,278-59-8683,"006 Buchanan Forge
Jensenshire, OR 92387",Y,miles
334,Brian Stevens,478-68-8591,"89409 Melissa Spring Apt. 934
Andreatown, MI 66997",Y,hours
335,Jesse Reyes,441-98-3111,"081 Kaylee Street Apt. 567
New Steven, PA 02044",N,miles
336,John Brown,383-48-2996,"8954 Nelson Extension
New Ashley, NV 40889",Y,miles
337,Curtis Chapman,631-36-3582,"99682 Smith Points Suite 100
New Elizabeth, NH 47593",N,hours
338,Thomas Coleman,255-46-5163,"516 Nichols Plain
Port Sheri, OH 74592",N,miles
339,Jennifer Smith,448-90-0325,"33019 Lindsey Plains
Torresstad, OR 21766",Y,miles
340,Jocelyn Schroeder,502-24-4020,"Unit 4739 Box 7445
DPO AE 23738",N,miles
341,John Miller,201-85-8892,"376 Vaughan Throughway Apt. 545
Rachelmouth, ID 08731",N,miles
342,Julie Harris,633-08-4892,"3149 Larry Cliff Suite 573
Stevenmouth, AK 65076",Y,hours
343,Sharon Atkins,490-29-5414,"424 Michael Tunnel Suite 012
Amyside, AK 60096",Y,hours
344,Elijah Fritz,496-86-3940,"13636 Sloan Trafficway
West Carmenhaven, MS 86059",N,hours
345,Kevin Weber,203-29-0848,"9132 Jason Crossing Apt. 498
Seanburgh, MH 33886",N,hours
346,Edward Green,546-66-9802,"8148 Paula Heights Apt. 921
Melindaborough, ID 71542",Y,miles
347,Tracy Holloway,636-93-1929,"136 Patricia Flats
East Karen, NY 92644",Y,miles
348,John Herman,321-12-5249,"309 David Dam
Leetown, AS 06320",N,miles
349,Kenneth Morales,100-22-8587,"USNS Chapman
FPO AE 56691",Y,miles
350,Julie Williams,225-88-5250,"6569 Sandra Unions Suite 344
West Andrew, VA 37916",Y,hours
351,Allison Tucker,475-49-9088,"PSC 6748, Box 9732
APO AE 83162",N,miles
352,Richard Walters,736-50-6787,"8856 Michael Grove Apt. 816
Thomasberg, FL 83090",Y,miles
353,Kenneth Knox,507-56-2092,"4418 Joshua Ridges Suite 362
Suarezport, MO 19536",Y,hours
354,Michael Gregory,003-07-0948,"975 Amanda Vista
West Christopherburgh, AS 18528",N,miles
355,Jenna Martin,243-76-8714,"Unit 1563 Box 6177
DPO AA 93501",N,miles
356,Brandon Perry,657-99-3095,"337 Eric Roads
Smithhaven, OK 92272",Y,miles
357,Monica Stevens,343-57-4309,"71616 Long Turnpike
Andrewborough, VT 33309",Y,hours
358,Randy Chapman,320-48-0484,"735 Alice Village
Anthonyview, IL 22740",N,hours
359,Bryan Pitts,055-93-1732,"237 Sean Camp
South Casey, CO 46954",N,miles
360,Adam Adams,768-23-2563,"0874 Smith River
Smithchester, NC 33261",Y,hours
361,Elaine Terry MD,899-44-7535,"Unit 5953 Box 6252
DPO AA 14952",Y,hours
362,John Daniel,678-22-5191,"4708 Ellis Extension Suite 767
Thomasville, CT 24174",N,hours
363,Ryan Bell,533-78-8861,"045 Anthony Prairie
East Patricia, MS 79565",Y,miles
364,Brenda Anthony,539-16-2476,"PSC 1047, Box 9056
APO AP 72202",Y,hours
365,Sandra Gilbert,110-68-4072,"9237 Gardner Flat
New Matthew, WA 37973",N,hours
366,Daniel Rasmussen,042-23-3213,"34935 Bryan Track
East Charles, KS 04441",Y,miles
367,Tammy Rodriguez MD,542-85-8142,"93363 Dillon Port Suite 032
Port Greggport, TX 73577",N,hours
368,Jesse Cole,669-50-8921,"PSC 9728, Box 2541
APO AP 01210",N,miles
369,Kayla Ward,509-39-6837,"453 Lauren Crescent
Walkerton, ND 09323",Y,hours
370,Jose Newman,803-14-1733,"246 Campbell Alley Apt. 342
Frazierport, WY 11123",Y,miles
371,Yvette Hansen,058-42-4847,"8444 Benson Flat
Spencehaven, WI 17334",N,hours
372,Andrew Dyer,044-77-7603,"91000 Brooke Mews
Lake Savannah, PA 94497",Y,hours
373,Lisa Warner,769-32-6401,"3491 Dylan Fall Suite 297
Williamsville, OK 55671",Y,hours
374,Ryan Anderson,565-01-6887,"Unit 7617 Box 0707
DPO AE 56454",Y,miles
375,Rebekah Miller,060-03-4488,"67123 Krystal Passage
New Nancy, AR 32575",N,hours
376,Ian Rogers,814-13-5969,"55678 Lee Road
Rodriguezberg, KS 15021",N,miles
377,Andrew Miller,198-44-0504,"USNS Page
FPO AE 64621",Y,hours
378,Linda Cox,741-16-7114,"57515 Michelle Ferry Apt. 492
West Mario, OR 67901",N,miles
379,Angela Juarez,357-03-1412,"9325 Kristina Meadow Apt. 424
West Ashleytown, AS 42289",N,miles
380,Johnny Hughes,231-81-7339,"197 Johnson Divide Suite 516
Amandafurt, PR 96199",N,hours
381,Anthony Lowery,710-17-9115,"616 Evan Forks Apt. 433
Port Veronica, HI 20656",Y,miles
382,Heather Spencer,505-50-6854,"426 Joshua Dale
Deanstad, GA 30771",Y,miles
383,Manuel Nunez,172-27-4816,"54407 Holt Ford Apt. 955
Shieldsville, VI 53504",N,hours
384,Austin Roach,612-53-7454,"901 Paige Pines Apt. 343
New Reginaberg, MT 34908",Y,miles
385,Phillip Robinson,586-29-4531,"44476 Donna Garden Apt. 244
Torresmouth, WI 71713",Y,miles
386,Steven Williams,448-10-9207,"040 Carly Isle
Blackburnview, OK 99872",Y,hours
387,Lorraine Harris,653-31-4941,"PSC 0499, Box 2248
APO AE 55137",N,hours
388,Tara Marshall,524-15-7697,"845 Jonathan Springs
West Danielle, AK 44439",N,hours
389,Sergio Morris,156-02-2669,"93093 Melissa Common Suite 877
West Tim, FL 86896",N,miles
390,Courtney Dickson,321-89-2673,"063 Denise Ramp
Susantown, PR 15302",N,hours
391,Kathryn Moore,518-72-3050,"44485 Bryan Turnpike
South Christine, MN 24994",N,miles
392,Mr. Vincent Richmond,081-95-1509,"3284 Brandi Oval Suite 516
West Christian, NH 52575",N,miles
393,Emily Figueroa,702-90-6000,"315 Vickie Mills Suite 398
Russellland, WI 30424",N,miles
394,Kelly Brown,460-93-3328,"7353 Howe River
Joneschester, UT 53013",Y,hours
395,Christina Johnson,526-44-8229,"2122 Richardson Square Suite 365
West Kevin, PW 50613",N,hours
396,Steven Woodward,726-02-6146,"474 Howell Inlet
Lake Cassandraside, AS 87394",Y,miles
397,Erik Barker,895-36-4050,"Unit 6356 Box 1104
DPO AP 27739",N,miles
398,Thomas Simpson,891-65-4661,"655 Fernandez Fork
New Annette, PR 23881",N,miles
399,Michael Payne,066-39-9736,"99128 Wilson Vista
Lake Jonathanview, KS 29650",Y,hours
400,Joel Stephens,328-47-0754,"484 Clark Shoal
Brownshire, UT 11663",Y,hours
401,Ashley Bradley,713-06-8576,"46511 Rhonda Village Suite 938
East Stephenport, PA 20490",N,miles
402,Michael Welch,672-51-1848,"PSC 6797, Box 8386
APO AA 03445",Y,hours
403,Stephanie Dunn,513-36-9452,"PSC 1029, Box 7343
APO AE 98302",Y,miles
404,Kevin Andrews,483-94-4973,"394 Karen Street
Diazville, MD 18132",Y,hours
405,Christine Mack,582-66-5734,"1073 Casey Centers Suite 771
Vincentburgh, MS 04573",N,miles
406,Christine Parker,018-36-8835,"206 Young Road
North Ericabury, VT 90822",Y,hours
407,James Glass,289-16-9479,"1156 Elliott Drive
Wellsshire, WV 52467",Y,hours
408,Marissa Arnold,009-61-7137,"1558 Pamela Plains
West Courtney, DE 94502",Y,hours
409,Lindsay Choi,185-73-9652,"282 Butler Viaduct Apt. 242
South Melaniestad, CA 65712",N,hours
410,Allison Green,614-93-6358,"3156 Crystal Squares Apt. 520
Armstrongfurt, MT 47425",N,miles
411,Victor Henderson,019-65-1252,"727 Mitchell Island
West Heather, OK 79252",N,hours
412,Kathleen Hayes,210-65-0779,"198 Jeffery Spring
Butlerville, PR 96260",N,hours
413,James Alexander,188-27-8326,"0255 Kirby Fall Apt. 797
Amandamouth, NY 24383",N,hours
414,Jessica Thompson,844-01-7529,"6771 Yvonne Highway Apt. 195
Lake Timothyburgh, CT 36729",Y,hours
415,John Velasquez,330-06-9091,"384 Simpson Drive Apt. 456
North Davidside, TN 15072",Y,hours
416,Christopher Miller,743-24-1037,"7803 Ibarra Plain
Sullivanview, IA 64852",Y,miles
417,Erin Salazar,883-11-1232,"94961 Dawn Branch
Emilyfurt, PW 98864",N,hours
418,Jessica Hamilton,607-65-2232,"476 Evans Mountain
New Michaelhaven, VT 72082",N,miles
419,Miss Stacey Torres,690-48-9922,"77278 Tara Estate Suite 741
South Robert, WV 72919",Y,miles
420,Holly Cooper,461-60-7626,"073 Dana Meadow
New James, DC 82779",Y,miles
421,David Bell,490-29-9695,"9285 West Place
Michelleview, TX 49702",Y,hours
422,Julie Moses,516-61-2602,"48915 Carolyn Mews
Michaelshire, PA 25142",N,hours
423,Erin Dudley,879-61-2067,"86146 Jeffery Knolls
Lake Angelica, TN 47176",N,miles
424,Jessica White,546-01-4718,"4031 Jesus Flat
Kevinside, NE 49317",N,hours
425,Christina Dean,750-48-0119,"881 Berry Brooks Apt. 399
North Shannon, MI 30260",N,miles
426,Robert Gonzalez,113-54-7259,"PSC 0006, Box 7505
APO AA 24219",Y,miles
427,Leslie Carlson,247-09-0866,"8362 Klein Heights
Smithfurt, MS 11284",N,hours
428,Alexandria Cannon,229-92-5083,"971 Benjamin Crossroad
Garciaport, NJ 48782",N,miles
429,Alan Hernandez,174-63-4870,"164 Alyssa Trace Suite 617
East Paulshire, OH 11470",Y,miles
430,Suzanne West,861-35-1975,"66874 Miller Gateway Apt. 821
Jamesmouth, AS 13755",N,hours
431,Amanda Hill,377-86-2990,"1054 Lisa Tunnel Suite 631
North Aaronberg, OR 68270",N,miles
432,Joseph West,357-66-5986,"27674 Brown Ports Suite 642
Francistown, NC 74629",N,hours
433,Andrew Williams,593-78-5810,"PSC 4660, Box 9246
APO AP 28275",N,miles
434,Lacey Webb,092-72-9817,"4981 Young Summit
Vanessaview, SC 98330",N,hours
435,Donald Wilkerson,232-80-9728,"9041 Kevin Tunnel
West Connor, ND 08883",N,hours
436,Sean Vega,647-71-0549,"1507 Jacob Junctions
Johnstontown, NV 25525",Y,hours
437,Paul Clark,889-57-5682,"497 Yvette Wells
New Shelly, TN 65478",Y,miles
438,Justin Bowers,589-78-9176,"49000 Tiffany Mountains Suite 782
North Katherine, NE 78333",Y,miles
439,Lauren Wilson,896-78-7701,"Unit 3219 Box 0125
DPO AP 18308",N,hours
440,Terry Medina,419-84-5913,"320 Dawn Avenue
Mikeville, UT 95886",Y,miles
441,Brittany Gallagher,583-89-0288,"0347 Reed Summit Suite 411
Lake Jennyland, KS 90028",N,miles
442,Katelyn Dunn,686-45-2589,"223 Jason Ville
Amandastad, SD 24054",N,miles
443,Andrea Lowe,021-29-8772,"17119 Matthew Vista
North Ericamouth, WY 95286",Y,miles
444,Susan Jordan,491-38-8340,"47486 David Meadows Suite 499
North Patricia, MO 18547",Y,miles
445,Lydia Delgado,538-72-8716,"7277 Emily Creek
Gwendolynmouth, RI 68434",Y,hours
446,Tiffany Vargas,579-93-2391,"03818 Cristina Park
New Michele, VI 77583",N,hours
447,Melanie Mendez,650-39-4326,"609 Kirby Expressway
Angelahaven, DE 38193",N,miles
448,Tiffany Allen,370-62-7606,"USS Rogers
FPO AP 06748",Y,hours
449,Seth Johnson,604-17-2445,"4977 Harrington Falls Apt. 536
Phillipfort, WV 33874",N,miles
450,Clinton Dixon,329-52-8797,"0118 Kelly Road Suite 950
Sherriburgh, GA 61826",N,miles
451,Debbie Cook,010-31-0709,"11131 Taylor Pike
Matthewmouth, MD 41411",Y,miles
452,Raymond Mcclure,151-42-3308,"551 Potts Turnpike Suite 707
Hutchinsonton, OH 12952",Y,hours
453,Cody Solis,896-22-3959,"54968 Pope Motorway Apt. 273
Ericmouth, MP 90245",N,miles
454,Angela Stewart,040-51-2377,"0054 Patrick Terrace
North Natalie, NM 95507",Y,miles
455,Paul Pacheco,175-28-1263,"USNS Flores
FPO AA 48976",Y,hours
456,Valerie Mendoza,695-82-9105,"8110 Tara Harbors
North Alexfort, VT 24441",Y,hours
457,Alexander Smith,644-12-7459,"7787 Jones Place Suite 646
Millerhaven, PW 15664",Y,hours
458,Thomas Castillo DVM,028-53-4373,"751 Young Corner Apt. 549
Sheriburgh, NH 24985",N,miles
459,William Landry,649-81-9669,"457 Gates Pass
New Carolburgh, PA 41382",Y,miles
460,Scott Wilson,168-47-3242,"025 Dixon Rue
Port James, KY 81494",Y,hours
461,Kim Marshall,077-66-4261,"4283 Baker Heights Apt. 282
West Timothy, CT 96969",N,hours
462,Sarah Tucker,736-72-0968,"173 Sandy Route Apt. 457
Leehaven, UT 67616",Y,miles
463,Jessica Richards,850-71-0927,"987 Cassandra Valleys
New Tashafurt, WV 64168",N,miles
464,Jennifer Walker DVM,509-63-4011,"USCGC Smith
FPO AE 71489",N,hours
465,Wanda Paul,874-81-7279,"Unit 9223 Box 5543
DPO AA 56847",N,hours
466,Robert Gallagher,620-63-8588,"814 Schmidt Land
North Lisaberg, RI 37673",Y,hours
467,Crystal Simon,764-57-9740,"0589 Woods Vista
East Matthewhaven, MO 18234",N,miles
468,Todd Jones,008-54-1549,"5171 Griffin Dam
Alyssaton, MH 46901",N,miles
469,Thomas Church,696-77-3499,"507 Gerald Springs Apt. 900
North Elizabethfort, UT 27120",Y,miles
470,Nicholas Greene,624-99-1121,"7013 Wilkinson Ville
Bettymouth, CO 47923",N,hours
471,David Ferguson,450-46-9891,"8415 Joseph Club Apt. 784
Kimberlyburgh, VT 01487",N,hours
472,Deanna Molina,462-77-8015,"424 Melton Radial
New Kristin, WV 25840",N,hours
473,Mary Dennis,229-83-2635,"USS Dixon
FPO AA 82299",Y,miles
474,Christopher Dennis,494-02-9355,"65029 Julian Prairie Suite 285
Audreyfurt, GA 96173",Y,miles
475,Carol Pope,204-67-8902,"5353 Ellison Keys Suite 158
Keyshire, AZ 09460",Y,miles
476,Craig Smith,780-14-8696,"38368 Eric Motorway Suite 290
Sotoside, AK 66965",Y,miles
477,Jennifer Nichols,384-28-8128,"883 Patrick Mountain Suite 631
Knightburgh, NC 71397",N,miles
478,Mr. Jacob Callahan,025-54-8592,"8247 Mitchell Ridges Suite 639
Port Paulberg, NV 92771",Y,hours
479,Michael Wilson,615-41-7565,"1195 Cruz Extension
Lake Shawnhaven, PA 68356",N,miles
480,Justin Jackson,783-83-5069,"44543 William Ranch
New Larryfort, KS 11440",N,hours
481,Timothy Buck,698-17-0956,"213 Dominguez Locks
Haroldville, MS 68164",N,miles
482,Eileen Ortiz,871-91-0329,"247 Tran Spur Suite 227
Anthonyfort, TX 48691",N,miles
483,Tanya Long,521-01-9560,"6584 Gonzalez Circles
Johnburgh, VT 38298",Y,miles
484,Terri Johnson,051-12-8048,"7091 Kennedy Shores Apt. 321
Port Adriana, TN 16017",Y,hours
485,Anthony Chavez,575-21-9124,"29515 Julie Inlet Suite 280
Tylerton, ND 60462",N,hours
486,Julie Baldwin,149-76-1478,"PSC 4144, Box 7451
APO AP 94412",Y,miles
487,Christopher Green,574-32-6178,"4375 Lopez Green Apt. 588
North Angelaborough, MO 80172",N,hours
488,Laura Hodge,272-60-8496,"95715 Dixon Grove
Chavezland, GU 66909",Y,miles
489,Samantha Smith,521-85-3150,"272 Holmes Village
New Claudia, PA 90846",N,hours
490,Margaret Pierce,061-77-2398,"420 Holmes Lodge
Hallberg, NC 96507",Y,hours
491,Jeff Schmidt,025-13-9303,"20463 Villarreal Gardens Suite 262
Margaretshire, MD 28381",Y,miles
492,Julie Bruce,232-12-6051,"517 Sherri Wall
West George, PR 83961",N,hours
493,Christopher Mcdonald,186-36-5760,"37362 Mark Field Apt. 030
Tuckerhaven, CO 91951",Y,hours
494,Terri Hughes,605-17-8448,"10288 Brown Heights
Port Baileymouth, DE 07849",N,miles
495,David Bass,072-82-7224,"464 Henry Rapid Suite 456
South Brandy, ME 87110",Y,miles
496,Patricia Delacruz,843-52-8336,"USNS Sanchez
FPO AE 79033",N,miles
497,Brenda English,122-38-4260,"147 Amanda Junction Suite 743
New Lorimouth, TX 91972",Y,miles
498,Shannon Bender,772-47-6839,"221 Edwards Ridges Apt. 496
New Stephen, AK 03780",Y,miles
499,Kenneth Holt,415-61-6187,"195 Hall Island
East Stacy, FM 40839",N,miles
500,Thomas Alvarado,408-14-3777,"009 Wade Dam Apt. 776
New Christy, NE 27434",N,miles
501,Jonathan Bray,341-97-6356,"995 Angel Ferry
Waltershire, TN 11107",N,hours
502,Natasha Ellison,069-93-5626,"7820 Brent Springs
Lake Jasonfort, ND 18695",N,hours
503,Tina Pineda,434-66-6781,"75823 Jeffrey Path
East Jeremy, CO 01470",Y,miles
504,Sharon White,694-04-5348,"60107 Dickson Isle Apt. 016
South Paultown, MA 60894",N,hours
505,Holly Wolf,484-04-5547,"2377 Jonathan Keys
North Kaitlynfort, NE 76418",Y,miles
506,Amber Gray,521-15-2559,"666 Sherri Run Suite 795
East Jessicaburgh, MT 81465",Y,hours
507,Tim Garcia,754-22-7681,"904 Cory Locks
Patriciachester, MD 38644",N,hours
508,Jared Cummings,267-95-2415,"97520 Ashley Curve Apt. 329
Danielleton, TX 66810",Y,hours
509,Lauren Gray,434-04-7326,"1359 Alexander Run Apt. 208
Thomasbury, PR 06542",Y,miles
510,Carl Jones,019-20-3084,"828 Shawn Viaduct Apt. 134
East Jeremy, NM 52799",Y,hours
511,Gregory Walker,065-86-5986,"38652 Williamson Centers Suite 390
Ericafurt, IA 57219",Y,hours
512,Heidi Collins,120-32-6025,"474 Chapman Junction
Webstertown, SC 25441",Y,hours
513,Kevin Bishop,515-24-5050,"432 Morris Cove Suite 957
Charleschester, AR 68279",Y,hours
514,Victoria Williams,715-58-2916,"Unit 2914 Box 3726
DPO AE 98709",Y,miles
515,Robert Mckenzie,480-14-9036,"46506 Donald Isle
Ramirezfurt, GU 64333",Y,miles
516,Jared Sanchez,083-95-8618,"19804 Vaughn Freeway
Julianbury, RI 59572",Y,miles
517,Cynthia Ford,858-70-9400,"13765 Christian Estate
West Juliaberg, UT 48223",N,miles
518,Allison West,463-40-2089,"85669 Black Flats
Deniseberg, AL 34447",N,miles
519,Christine Johnson,733-14-0150,"USCGC Jones
FPO AP 47629",Y,miles
520,Theresa Johnson,557-94-1784,"Unit 9493 Box 5576
DPO AA 83731",N,hours
521,Daniel Combs,219-79-1344,"PSC 5414, Box 4223
APO AE 72821",N,hours
522,Kyle Hancock,154-77-5201,"795 Smith Extensions Suite 543
Port Sarah, NM 30857",Y,hours
523,Andrew Harmon,899-49-6141,"237 Rodriguez Oval
Valenciahaven, AZ 91463",N,miles
524,Kara Martinez DVM,237-59-5626,"92438 Emily Mountains Apt. 376
West April, MD 23983",N,miles
525,Daniel Cervantes,204-62-6076,"71970 Miller Via
South Williambury, MP 13532",Y,miles
526,Paul Sullivan,637-99-7600,"9551 Deleon View
North Debbiechester, ND 35684",N,hours
527,John Morgan,819-50-9433,"595 Thomas Circles
Calvinmouth, NJ 90111",Y,hours
528,Derek Beasley,167-05-2045,"7598 Brown Neck
West Nathan, ND 46313",Y,hours
529,Julie Young,463-82-0230,"373 Kristin Neck Apt. 556
North Andrewville, MD 88552",N,miles
530,Richard Stanley,020-74-3847,"193 Peter Well Suite 312
North Alexandrahaven, MI 48102",N,hours
531,Duane Perez,493-23-9206,"PSC 7055, Box 8320
APO AE 71819",Y,hours
532,Wendy Hobbs,118-48-2030,"Unit 2632 Box 8399
DPO AP 51746",N,hours
533,Kelly Davis,751-71-2034,"0404 Williams Port Suite 047
Port Michaelbury, FL 43733",Y,miles
534,Adam Smith DDS,157-21-8559,"45358 Mendoza Mountain
Carlaburgh, PA 51324",Y,miles
535,John Browning,066-23-4450,"705 Sims Fort Apt. 942
East Marcus, TN 11878",N,hours
536,William Long,044-93-8191,"59846 Gutierrez Loop Suite 886
Wesleyton, GA 46229",N,miles
537,Diana Rogers,856-01-3423,"27842 Mark Hills Apt. 050
East Monica, IA 37928",Y,miles
538,Jessica Cruz,567-75-9268,"509 Smith Stream
East Stephaniefort, PW 57834",Y,miles
539,James Sanchez,040-64-6944,"Unit 1052 Box 1753
DPO AE 89248",N,miles
540,Charles Rodgers,883-74-7469,"3576 Cooper Prairie
Port Lisamouth, WI 62801",Y,miles
541,Joseph Riley,392-16-4812,"496 Kathryn Union
Justinville, VA 83094",N,hours
542,Luis Villa,661-46-6135,"6321 Jennifer Bypass
Jamesville, WV 07701",Y,hours
543,Gregory Dominguez,175-02-1142,"58179 Williams Club
Ramosfurt, AZ 35252",Y,hours
544,Vincent Fischer,284-34-2521,"07426 Morales Route Apt. 623
Nicholasfurt, NH 62395",Y,miles
545,Jamie Carter,451-80-5582,"7204 Michael Ferry Suite 368
West Jennifer, PA 77405",Y,hours
546,Peggy Alexander,207-92-5272,"7129 Jason View
Williamschester, KY 96939",Y,miles
547,Jessica Collins,894-44-1009,"10553 Melissa Springs Apt. 666
South Angelaborough, MS 35442",N,miles
548,Wendy Ortiz,138-77-9736,"20835 Carrie Fields Suite 821
Michaelchester, CT 55327",N,miles
549,Ricardo Martinez,282-07-1336,"240 Joseph River Suite 914
South Ryanport, IL 78972",Y,hours
550,Austin Fisher,011-46-9063,"47336 Judith Plains
Marvinborough, ME 70053",Y,hours
551,Taylor Hurley,667-20-6395,"39448 Terri Plaza Suite 804
Elizabethtown, OK 38588",N,miles
552,Jason Thompson,443-83-0520,"25062 Rachel Views
Lyonsburgh, AR 17076",N,miles
553,Jennifer Bernard,508-82-4919,"518 Stephen Knolls Suite 615
Port Wendymouth, PR 13748",N,miles
554,Clinton Morrison,815-95-7113,"42542 Harris Bypass Suite 660
Andrewside, ND 51642",N,miles
555,Alice Brown,384-93-7620,"085 Williams Trail
Lake Andre, GU 32063",Y,hours
556,Christina Krause,511-79-4314,"61047 Mitchell Plaza Apt. 654
Mooreton, IL 92181",N,miles
557,Eric Stuart,313-08-4854,"43673 Davis Forks
Johnport, IA 81258",N,miles
558,Melissa Mora,729-50-4889,"709 Victoria Glens Suite 588
Christopherburgh, VA 25216",Y,miles
559,Gabriel Ramirez,689-62-5534,"013 Garcia Shoals Apt. 175
Welchland, IL 47138",N,hours
560,Brittany Jones,509-24-5617,"9061 Blake Trail
New Danielstad, NH 56445",N,miles
561,Nicholas Green,358-09-4837,"48936 Scott Wall
Kiddstad, MS 11240",Y,miles
562,Sean West,408-89-1563,"2896 Edwards Gateway Apt. 101
North Bethtown, WI 29414",Y,hours
563,Ashley Doyle,482-18-6506,"5903 Taylor Stravenue Apt. 263
Cainstad, WV 87495",Y,hours
564,Joseph Williams,384-94-3014,"567 Gates Tunnel
Christianmouth, ND 81462",N,hours
565,Mrs. Maria Lynch,583-91-6732,"7028 Ashley Knolls Apt. 137
Lake Sharon, CO 39572",Y,miles
566,Jared Sanders,561-57-2110,"092 Liu Spurs Suite 851
East Sarah, KS 76711",Y,hours
567,Mark Lewis,300-30-9901,"5862 Jones Mews Suite 514
North Mackenziestad, TX 43746",Y,hours
568,Heather Ramos,109-91-5703,"918 Juan Point Suite 225
Johnsonborough, AS 62364",Y,miles
569,Michael Smith,313-96-0402,"10924 Perez Turnpike
Delacruzbury, MI 62335",Y,miles
570,Steven West,606-35-0160,"9258 Pope Fort
Davenporttown, AK 43084",Y,hours
571,John Wright,362-56-6567,"PSC 0894, Box 9059
APO AA 46845",Y,miles
572,Julie Ellison,808-63-6570,"33174 Rivera Prairie Apt. 007
Lake Crystal, MO 69639",Y,hours
573,Benjamin Martin,352-29-1969,"USNV Chapman
FPO AP 75952",N,miles
574,Lindsay Rhodes,305-50-2155,"60731 Hernandez Stream
Walkerchester, VA 49629",Y,miles
575,Jennifer Perez,507-18-1463,"557 Jeffrey Tunnel Suite 910
North Joshua, NE 43916",Y,hours
576,Mary Lewis,132-71-6238,"560 Martinez Vista
Ronnieland, CO 43504",N,hours
577,Jesse Torres,274-57-7601,"4252 Nunez Corners Suite 278
Gouldmouth, HI 91518",N,hours
578,Nina Richards,865-27-6886,"494 Hernandez Lock
Carolfort, VA 77442",Y,hours
579,Jacob Johnson,270-27-1530,"7589 Kristen Forge Apt. 042
Port Nicholas, FL 40303",Y,miles
580,Jennifer Douglas,001-63-6118,"PSC 3131, Box 3015
APO AA 23224",N,miles
581,Barbara Ferguson,646-27-4052,"61491 Meghan Roads
East Kathryn, HI 12983",N,hours
582,Francis Lewis,606-25-9971,"17062 Howard Brook
West William, MS 28267",N,miles
583,Stephen Schroeder,548-54-5523,"64956 Andrea Rest Suite 025
Jenniferburgh, OR 22188",N,hours
584,Charles Wilson,620-90-7871,"6810 Hernandez Points
South Michaelland, AZ 54085",N,miles
585,Lauren Robertson,141-68-8443,"365 Luke Shore
West Sherribury, MD 19394",Y,miles
586,Ricky Salinas,552-17-0862,"Unit 8263 Box 9046
DPO AP 51146",N,hours
587,Erica Miller,219-67-4964,"92233 Michael Hill
East Tammyshire, MO 10867",Y,hours
588,Katherine Fischer,170-74-2145,"9231 Cindy Park
East Amberview, OK 20980",Y,miles
589,Amanda Miller,406-52-4351,"7235 Haley Rapid Apt. 806
North Samanthaland, AK 33901",Y,hours
590,Tara Robbins,354-68-8581,"43209 Shannon Oval Apt. 022
West Joshualand, TN 68357",N,miles
591,Barbara Park,030-53-9177,"42939 Lisa Estate Suite 107
Kimland, OR 21267",N,hours
592,Jessica Ellison,490-69-8890,"350 Sanders Views
West Charlesport, MT 12944",N,miles
593,Terri Stewart,162-27-5099,"PSC 3033, Box 7172
APO AP 50150",Y,hours
594,Monica Pena,585-33-1421,"906 Adam Route Suite 248
Jeffreyhaven, MP 64161",Y,miles
595,Anthony Freeman,234-09-6895,"496 Williams Cliffs
Smithport, NE 59454",N,hours
596,Gregory Berger,804-91-5139,"5012 Roman Road
Fowlershire, NY 41802",Y,hours
597,Peter Miller,425-70-1351,"94178 Jennifer Square Apt. 403
Robinsonmouth, MT 61569",Y,miles
598,Leslie Smith,877-22-8738,"172 Hebert Heights
Jamesville, TN 43818",N,miles
599,Michael Pennington,070-03-0430,"267 Laura Harbors
Hamptonhaven, MS 51757",Y,miles
600,Robert Lester,215-60-9337,"USCGC Stewart
FPO AA 83282",Y,miles
601,Matthew Santos,206-17-3522,"81575 Theresa Spring Suite 780
Johnnyburgh, MH 86557",N,miles
602,Juan Cooper,781-16-9643,"USCGC Jones
FPO AE 90225",N,miles
603,Rebecca Maynard,255-99-6679,"92368 Scott Drive Apt. 657
Schultzstad, AR 30030",Y,miles
604,Timothy Kim,729-23-8927,"29974 Lori Plains Apt. 031
Lake Tracy, NH 97429",N,hours
605,Jackson Woodard,242-51-7714,"237 Castillo Locks Suite 497
South Matthewbury, OR 73930",N,miles
606,Patricia Miller,728-09-0032,"USS Griffin
FPO AE 30280",Y,miles
607,Julie Davis,882-55-7489,"4644 Derek Valleys
Jonesburgh, CO 88200",Y,hours
608,Alyssa Mcdonald,758-64-8078,"715 Walton Port Suite 287
Alishashire, SD 05116",N,hours
609,Kimberly Horton,051-57-7996,"33953 Griffin Roads Apt. 177
South Jacobborough, PA 05275",Y,miles
610,Theresa Johnson,069-28-9193,"6285 Martinez Meadow
Port Sherrymouth, NC 53536",Y,hours
611,Larry Morales,236-53-2150,"23263 Higgins Ramp Suite 232
North James, SC 65823",N,hours
612,Kayla Martinez MD,689-19-5955,"828 Jeremy Fords
North Michael, MH 37522",Y,hours
613,Ryan May,334-53-3901,"2834 Smith Rest Suite 681
Lake Kathleenhaven, VA 99490",N,hours
614,Susan Bass,764-34-6620,"3055 Bishop Valley Suite 403
Robertview, NH 59479",N,hours
615,Derrick Walters,886-50-7580,"5989 Ryan Ridge Apt. 850
West Jessemouth, MP 41658",Y,miles
616,David Marquez,162-84-5538,"197 Moore Shores
South Emilyborough, MN 55308",N,miles
617,Lisa Thomas,224-10-5227,"USNS Flynn
FPO AP 79570",N,miles
618,Luke Taylor,897-01-6240,"577 Nicholas Village
Phelpsborough, VT 42579",N,hours
619,Kenneth Perez,468-42-8828,"67335 Lucas Place Apt. 234
Meyerfort, CT 77841",Y,miles
620,Elizabeth Ryan,182-32-1179,"326 Singh Valleys Apt. 985
Batesland, HI 80444",N,hours
621,Mary Best,821-09-7673,"607 Torres Dale
Perezshire, HI 19705",Y,miles
622,Robert Wilson,177-71-7100,"312 Adam Junctions
Gallagherborough, DC 83213",Y,miles
623,Melissa Garcia,737-19-2188,"537 Lisa Summit Apt. 960
East Nicholasstad, AL 51875",Y,miles
624,Veronica Watkins,476-80-7766,"34270 Ashley Locks Suite 423
New Michaelmouth, PR 11830",Y,hours
625,Stephanie Wall,190-55-7302,"686 Arroyo Bridge Suite 299
Charleshaven, NH 33338",Y,hours
626,Vanessa Andrews,335-47-9897,"42466 Brown Extensions
West Johnstad, SD 26678",Y,miles
627,Derek Stokes,826-80-0716,"655 Potter Manor Apt. 638
New Jennifer, MS 61476",Y,hours
628,Suzanne Parker,212-62-9316,"652 Martinez Walk Suite 524
East Kristifort, WA 80229",Y,miles
629,Samuel George,544-56-7287,"25681 John Flats Suite 084
New Andrea, IL 47691",Y,hours
630,Leonard Flores,007-64-1987,"3253 Amanda Ranch
Turnerborough, NC 38049",Y,hours
631,Tanner Howe,713-07-1392,"PSC 1422, Box 0634
APO AE 60375",Y,hours
632,Larry Johnson,672-96-0388,"0552 Campbell Ville
East Williamland, OK 88358",Y,miles
633,Jennifer Davis,149-02-5590,"7223 Kevin Ways
South Noahport, ME 43083",Y,miles
634,Troy Nunez,691-76-5666,"83770 Kenneth Circle
Edwardburgh, KS 80422",N,miles
635,Lisa Fischer,475-77-3382,"7482 Melinda Prairie Suite 415
Martinton, PA 13899",Y,hours
636,Craig Lopez,102-24-4264,"0848 Carr Throughway
New Tina, NE 95711",Y,miles
637,Matthew Smith,367-51-7294,"755 Brown Expressway Apt. 555
Lake Tiffanyland, MI 61179",Y,hours
638,Ronald Chandler,527-37-9469,"415 Steele Squares
Port Kristinmouth, NV 60150",N,miles
639,Brendan Robinson,501-29-3478,"3401 Sandra Curve Apt. 131
Sherrystad, NJ 16758",N,hours
640,Angela Wilson,365-44-2131,"746 Rivera Plaza
Lake Cynthiaside, AZ 14588",N,miles
641,Jonathan Wilkins,430-14-5754,"8216 Ryan River Apt. 711
Colefurt, VT 33397",Y,hours
642,Sharon Ward,199-30-2936,"774 Burns Square Apt. 234
North Meganland, NJ 74971",N,hours
643,Rachel Lewis,343-38-6128,"3736 Joshua Pike Apt. 020
Port Michael, OR 48292",Y,miles
644,Gary Campbell,189-07-9374,"9169 Jeffrey River
East Johnview, WI 19223",N,miles
645,Patricia Le,863-35-9517,"2006 Connor Locks
Lopezton, WV 11365",N,miles
646,Nancy Daniels,435-49-3509,"277 Michael Pass Apt. 241
Chelseamouth, IL 19880",N,hours
647,Janice Green,824-83-8165,"600 Shannon Alley
Scottton, KY 49093",N,miles
648,Maria Marquez,379-17-2971,"57060 Tanner Vista Apt. 614
South Jerry, VA 17595",Y,hours
649,Lisa Zhang,155-32-9980,"7004 Adams Walks Apt. 675
South Jocelyn, MN 20725",Y,hours
650,James Edwards,352-59-3267,"2719 Holland Meadow Apt. 611
Port Cameron, SC 54212",Y,hours
651,Michael Brown,043-40-4076,"05755 Moran Avenue
Brianfurt, MT 76067",N,miles
652,Jack Mccall,256-45-9270,"41582 Christensen Grove
Mcguireton, MN 38028",Y,miles
653,Dean Meyer,166-39-7184,"914 Olsen Coves Suite 387
West Bryan, SD 67326",Y,hours
654,Heather Schneider,720-53-3895,"07902 Park Corners
New Christopherstad, AS 92112",Y,miles
655,William Pearson,268-33-2630,"4203 James Fort
Bryanview, NH 73698",N,miles
656,Joy Wells,405-49-7668,"Unit 5449 Box 8086
DPO AP 55269",Y,miles
657,David Tucker,497-10-6054,"6024 Petersen Mountains Suite 116
Port Katherine, MS 95795",Y,hours
658,Thomas Gardner,759-01-4896,"5216 Sanders Junctions
Port Brandon, WV 21072",N,miles
659,Erin Hansen,789-37-8712,"41656 Erin Vista
Weberchester, AR 02883",Y,hours
660,John Thompson,081-27-5241,"178 Kellie Club Apt. 845
North Melanie, VI 44560",N,hours
661,Diana Hall,729-79-1054,"4189 Powell Locks
Chungberg, GU 34974",Y,hours
662,Michael Collier,561-47-8787,"82067 Leon Trace
East Kellymouth, OK 69041",N,miles
663,Erica Rogers,397-06-3186,"11714 Cardenas Trail Apt. 436
Port Jill, NM 55451",N,hours
664,Rebecca Rivera,664-63-0742,"3041 Jacqueline Plain Suite 832
Gravesfurt, MD 12566",Y,hours
665,Donald Evans,362-43-1412,"90357 Welch Walk
Johnathanton, PA 43498",Y,hours
666,Luis Brown,257-86-3889,"PSC 8958, Box 1914
APO AE 78863",N,miles
667,Kayla Maddox,383-45-2266,"55214 Samuel Branch Apt. 659
North Shawn, KS 80499",N,hours
668,Casey Stanley,502-10-4700,"09232 Blake Freeway Suite 581
South Pamela, SC 27657",N,miles
669,Vicki Williams,213-91-5222,"255 Robinson Manors
West Coreyside, GA 27980",Y,hours
670,Stanley Delgado,194-38-8778,"083 Ronald Fort Suite 186
Audreyfort, GA 43074",Y,hours
671,Peter Brown,365-35-8204,"8006 Randall Rue
Matthewville, LA 24236",Y,miles
672,Mike Walker,007-31-4738,"USNS Williams
FPO AA 38977",N,miles
673,John Nelson,765-90-4158,"069 Leslie Forges Apt. 957
Whiteton, GU 30768",N,hours
674,Tara Smith,288-11-5565,"Unit 8535 Box 7720
DPO AE 97671",Y,miles
675,Emily Baxter,194-37-4321,"1133 Brown Road
South Evan, WA 17719",Y,hours
676,Kelsey Dunn,239-26-6087,"494 Morales Rest Suite 213
North Dennis, CT 59231",Y,miles
677,Michael Garza,270-46-6156,"5575 Teresa Underpass Suite 811
Joshuamouth, PR 77629",N,miles
678,Bryan Kennedy,366-94-6131,"USNS Melton
FPO AE 80282",N,miles
679,Robert Hampton,259-13-2772,"95126 Mills Loaf
Lake Dorothyshire, PR 39768",Y,miles
680,David Jones,554-87-6128,"0223 Beard Union
Karenchester, WA 22235",N,hours
681,Heather Reilly,847-82-7665,"962 Bobby Summit Apt. 062
West Debra, SC 99898",Y,hours
682,Logan Mercado,825-42-7448,"509 Steven Greens
Samuelburgh, FL 88513",Y,hours
683,Thomas Hayes,626-69-3034,"05494 Greer Route
Ashleyshire, NM 96084",Y,miles
684,Jason Thomas MD,498-97-6472,"PSC 8071, Box 6360
APO AE 61694",Y,miles
685,Patricia Tanner,194-17-0137,"47091 Christopher Stravenue
Whitestad, WA 17039",N,hours
686,Madeline Morales,846-34-4662,"0077 Pope Wall
South Lorettabury, VA 42049",Y,miles
687,Joshua Hill,257-41-6701,"52788 Benjamin Plains Apt. 474
Port Juliechester, VA 42501",Y,miles
688,Richard Patrick,394-64-6127,"695 Grant Parkway
New Tanya, PW 87034",Y,miles
689,Nicholas Williams,205-85-7417,"USNV Howell
FPO AP 06599",N,hours
690,Emily Blair,085-41-0570,"3308 William Drives Suite 358
Joanntown, VA 88703",Y,hours
691,Jonathan Casey,541-69-6254,"USCGC Hawkins
FPO AA 92034",Y,hours
692,Kara Rogers,707-78-2299,"959 Bennett Road Suite 526
Ellenland, PR 97557",Y,hours
693,Steven Johnson,387-98-3684,"505 Randy Gardens
Masonstad, NY 26865",Y,miles
694,Timothy Valencia,607-49-3715,"USNV Robbins
FPO AP 95175",N,miles
695,Mindy Reed,072-97-9051,"200 Shaffer Light Suite 220
Port Brianafort, NM 43928",N,miles
696,Gavin Glass,533-65-7596,"83954 Williamson Fork Apt. 233
Martinland, AZ 78887",Y,hours
697,Rhonda Gordon DDS,428-88-4785,"849 Brooks Way Apt. 630
Emilyview, IA 83497",Y,hours
698,Kathryn Miles,873-92-4939,"82441 Christopher Burgs Apt. 118
North Alexanderfort, MO 14837",N,hours
699,Amy Brooks,807-37-3055,"183 Johnson Curve
Port Maryburgh, WI 94686",N,hours
700,Kevin Mcintosh,795-57-4915,"Unit 7009 Box 0711
DPO AA 26704",Y,hours
701,Madison Hall,653-60-6241,"426 Julia Ferry
Romerofurt, NM 62088",Y,miles
702,Kendra Perkins,561-11-1520,"3861 Rick Rapids
Lindsaytown, NE 74198",N,miles
703,Marc Ruiz,528-11-6682,"5309 Harrell Fort Suite 862
Whitefurt, GU 29921",N,hours
704,Carolyn Campbell,250-89-1184,"88321 Andrew Extension Apt. 484
Dayland, GU 43921",N,miles
705,Martin Carney,283-16-1753,"3255 April Walk
North Annafort, ME 45575",N,hours
706,Michael Daniel,035-42-9332,"8539 Schneider Island Apt. 574
Lake Timothyborough, WA 02045",Y,miles
707,Destiny Jones,605-48-5399,"639 Wells Cliffs
East Williamberg, MN 19752",N,miles
708,Paul Jones,342-08-8862,"5022 Clark Squares
New John, FL 76306",Y,hours
709,Michelle Hansen,329-54-2570,"16738 Loretta Shoal Apt. 764
Jaclynberg, AK 54778",Y,hours
710,Jennifer Tucker,780-75-0345,"733 Julie Port Suite 118
Jasonview, NC 15223",Y,hours
711,Kirsten Davis,117-92-3569,"5148 Colin Way
South Jessicaberg, LA 61022",N,miles
712,Ryan Nelson,174-10-1598,"3388 Nathan Coves
Lake Richardville, MD 19239",N,hours
713,Michael Thompson,313-04-3093,"0869 Sara Trail
Georgemouth, DE 29933",Y,miles
714,Michelle Perry,872-05-6114,"490 Watts Prairie
Jessicaburgh, VA 60980",Y,miles
715,Kelsey Carey,858-36-0792,"147 Montes Valleys
Starkport, LA 73811",N,miles
716,Cory Bryant,512-25-8412,"51396 Leslie Manor
Hunterburgh, GU 40312",N,miles
717,Edward Mann,403-93-6558,"9349 Barker Mountains
New Kevinshire, PR 67668",N,miles
718,David Lopez,881-88-9464,"17540 Boyer Wells
West Marthamouth, MA 31256",Y,hours
719,Tonya Moody,812-99-0489,"1852 Green Orchard Apt. 068
West Lisaport, OR 47127",Y,miles
720,Sean Peterson,714-54-6057,"01711 Megan Island
Meganberg, ND 17505",N,hours
721,Adrian Miller,136-11-9918,"495 Shepard Oval
Port Ruthstad, UT 19516",N,hours
722,Wayne Carter,479-10-8314,"19584 Nunez Drives Suite 561
Reedchester, MA 63099",N,miles
723,Patricia Edwards,230-75-9686,"6293 Smith Key
New Sonya, PA 13397",Y,miles
724,Wayne Robles,038-60-9165,"PSC 5681, Box 1918
APO AE 92884",N,miles
725,Julie Valdez,553-16-0473,"447 Amanda Road Apt. 663
Mariaville, AL 26490",Y,hours
726,Melissa Miller,500-14-2857,"72884 Robert Flat
Katherineshire, RI 19405",N,miles
727,Roberto Davis,420-94-5072,"509 Timothy Junction Suite 784
Jacquelinemouth, NM 28586",N,hours
728,Amy Hale,004-75-6008,"81699 Craig Ferry
South Katrina, MP 11148",Y,miles
729,Franklin Cole,512-87-4463,"3681 Monica Junctions
Rodrigueztown, VI 53996",Y,miles
730,Kenneth James,334-01-8575,"3424 Dominic Spring Suite 166
Marcusmouth, RI 23532",N,hours
731,Dorothy Riddle,409-14-1423,"5893 Berry Crossing
Kingtown, AZ 94545",Y,hours
732,John Brown,487-89-3725,"03644 Desiree Port
Victorside, MI 90619",Y,hours
733,Vanessa Kelley,784-65-7840,"42215 Scott Drives
North Allisonview, NV 85318",Y,hours
734,Brady Miller,584-19-3762,"211 Allison Stravenue
New Catherineborough, TX 27860",N,hours
735,Sarah Watkins,186-16-0956,"60263 Williams Canyon
Burnettmouth, AL 87337",N,hours
736,Beth Phillips,303-22-8052,"3505 English Centers
New Kimberlyside, MN 03921",Y,miles
737,Adam Schmidt,723-68-7866,"9457 Michael Canyon Apt. 223
Hobbstown, NE 26950",N,hours
738,Ian Weaver,286-06-6713,"649 Jones Plains Apt. 724
South Crystalland, WI 09823",N,hours
739,Daniel Stokes,540-79-3355,"636 Wolfe Plains
Seanview, FL 66435",Y,hours
740,Holly Davis,051-84-2270,"0093 Conway Canyon Suite 375
Jonathanview, WI 07831",N,miles
741,Melissa Flores,162-30-2783,"6783 Barker Forks
North Meganstad, MH 76007",Y,miles
742,Briana Flores,514-38-2098,"42321 Dakota Grove Apt. 039
West Markside, MS 13434",Y,miles
743,Victoria Brown,045-73-4343,"7343 Morgan Loop
New Angela, ND 78089",N,hours
744,Shannon Martinez,378-89-2243,"59726 Thomas Cliff
East Jenniferton, VI 37476",N,hours
745,Paul Wilson,067-74-6877,"44612 Ashley Trail Apt. 164
Louisberg, MP 86309",Y,miles
746,Jessica Norris,680-82-8219,"5371 Gilbert Island Suite 837
New Richardstad, CO 21035",Y,hours
747,Mr. Justin Hudson,778-29-1682,"08445 Mark Brook Suite 121
Adamhaven, CT 45662",N,hours
748,Tracy Lewis,063-88-7889,"828 Singh Neck Apt. 098
Port Crystal, AZ 04839",Y,miles
749,Brandy Conner,311-80-5342,"85218 Taylor Key
Gonzalezport, NY 24178",Y,miles
750,William Graham,137-15-3826,"USS Singleton
FPO AA 11148",Y,miles
751,Andrew Navarro,660-05-6793,"Unit 0844 Box 4681
DPO AP 73480",N,miles
752,William Mann,466-12-1027,"44081 Chapman Bridge Suite 151
New Deborah, AK 17098",N,hours
753,Michael Yang,698-12-6682,"868 Amy Drives
West Christopherview, WI 17714",Y,hours
754,Brooke Fischer,319-08-1132,"Unit 8034 Box 5189
DPO AA 56430",N,hours
755,Michael Sheppard,797-36-4995,"6400 Anderson Islands
Elizabethport, NE 62890",N,hours
756,Tyler Jordan,064-21-9707,"759 Morris Rapid Apt. 236
South Sonya, NE 80627",Y,miles
757,Preston Ballard,444-43-3091,"6305 Bob Divide Suite 398
Grayshire, KY 84117",Y,miles
758,Rhonda Gibbs,002-08-1298,"43800 Jesse Mission Apt. 642
Port Sheilaside, WY 86543",Y,miles
759,Tyler Boyd,294-86-6496,"187 Watson Estates Suite 586
West Pam, VT 98566",N,miles
760,Jennifer Randall,081-09-8326,"97049 Michael Oval Apt. 898
Lake Angela, PW 49129",Y,miles
761,Christine Ball,667-55-1665,"057 Hampton Village Suite 902
East Jennifer, AK 23379",Y,miles
762,Marie Wise,008-78-5089,"699 Moore Knolls Suite 143
Lake Elijahbury, NC 60946",Y,hours
763,Traci Gonzalez,481-05-7628,"836 Cain Terrace
West Bettyborough, NC 58636",Y,hours
764,Kayla Mccormick,380-80-9053,"964 Timothy Cape
Mitchellport, OH 70625",Y,hours
765,Ryan Reese,562-96-1281,"USNS Ramirez
FPO AP 45140",N,hours
766,Randall Kim,298-64-4405,"USNS Kelly
FPO AP 29826",N,miles
767,David Young,804-08-5475,"60446 Powers Springs Suite 745
Nelsonview, NE 05033",N,hours
768,Andrew Valenzuela,180-07-4024,"718 Robert Springs Apt. 853
South Tylerside, NC 63437",Y,hours
769,Robert Garcia,339-16-0930,"25727 Dixon Points
Kendramouth, DC 61241",Y,hours
770,Michelle Smith,034-98-9144,"927 Chavez Green Apt. 479
New Amyside, RI 95853",N,miles
771,Jonathan Moore,489-17-2402,"14666 Martinez Corners
North Kevinshire, FL 55407",Y,hours
772,David Myers,289-62-5933,"087 Dean Stream
West Brianberg, MH 56658",Y,hours
773,Omar Briggs,852-43-2455,"912 Davis Manor
Melissashire, DC 80865",Y,miles
774,Ashley Moore,109-93-6713,"0502 Long Cliff Apt. 744
West Michelleberg, IN 38483",Y,hours
775,Lance Allen,156-32-0233,"38614 Shane Way Suite 074
Leberg, OH 89071",Y,miles
776,Jeffrey Baker,691-53-2396,"480 Walter Hollow
New Victor, FM 95491",N,miles
777,Rachel Schmitt,689-56-9204,"1940 Diaz Expressway Apt. 331
West Michaelfort, NH 85493",N,hours
778,Cole Parrish,221-28-0179,"43297 Silva Fords Apt. 167
Russellhaven, PW 91267",Y,hours
779,Lisa Sanford MD,733-34-5104,"05708 Christine Locks
West Jacqueline, GA 64500",N,hours
780,Ann Wright,025-39-5663,"2584 Richardson Divide Suite 836
West Jennifer, MP 44662",Y,hours
781,Charles Carter,856-26-4220,"451 Luis Plain Suite 366
Elizabethmouth, ID 06261",Y,miles
782,Heather Vargas,172-83-3818,"81410 Arthur Dam
Schneiderberg, KS 79864",N,miles
783,Alicia Edwards,229-68-1277,"144 Watson Parkways Apt. 996
Halltown, IL 33812",N,miles
784,Emily Lee,690-18-8348,"212 David Crescent Suite 575
Rosebury, DE 14397",N,hours
785,Robin Moran,673-92-4947,"4416 Wendy Lights Apt. 480
Fergusonmouth, KY 63816",Y,miles
786,Richard Clark,383-52-8242,"68100 Stacey Park Suite 644
New Waynestad, WY 98482",Y,hours
787,Phillip Lawson,496-13-3501,"08359 Victor Land
Charlesbury, WV 91700",N,miles
788,Erin Rodriguez,778-22-3228,"78606 Rosales Place Suite 583
Christianburgh, NV 62143",N,miles
789,Kristina Smith,509-78-4292,"78046 Davis Common Suite 052
Wrightberg, CT 52568",Y,miles
790,Barbara Stewart,657-76-0805,"639 Jenkins Shore Suite 452
Connieview, TN 11331",N,hours
791,Amanda Best,473-88-2752,"230 Jennings Port
Amberchester, TX 61221",Y,hours
792,Christopher Haney,702-32-7063,"97506 Dustin Pines
New Andrea, NE 76677",N,miles
793,Matthew Nolan,345-18-6547,"138 Robert Course Apt. 331
Webbbury, CO 60961",N,hours
794,Kristin Rollins,706-24-0508,"8168 Sandoval Run
Banksmouth, NC 69306",Y,miles
795,John Gaines,559-61-8484,"8284 Linda Meadows
Lucasshire, KY 59479",N,hours
796,Jacob Swanson,480-06-6829,"94768 Kelly Estates Suite 676
Ashleymouth, ND 47454",Y,miles
797,Rebecca Martinez,174-68-1926,"51876 Denise Tunnel Suite 828
Joshuamouth, NM 44681",N,miles
798,William Watson,241-88-0380,"204 Barnes Creek
Guerreroville, NE 32858",N,hours
799,Michael Chavez,077-96-9121,"28875 Sue Alley Apt. 655
Reyesburgh, NM 94796",Y,hours
800,Joseph Cantrell,496-80-4215,"911 Lambert Lane
Christianview, GU 92082",Y,hours
801,Pedro Morgan,714-30-4911,"78432 Simon Islands Apt. 389
New James, CA 43939",N,miles
802,Allison Brown,378-40-2938,"498 Alex Ports
West Scott, MI 05653",N,hours
803,Devin Gray,141-44-5633,"5231 Christopher Walks
West Melindamouth, AZ 58219",N,miles
804,Melissa Wolfe,337-42-0089,"168 Miller Pines
West Carolborough, IA 91948",N,hours
805,Sarah Lewis,528-38-8427,"982 Price Brooks
Kristinafurt, GA 81226",N,miles
806,Bradley Nelson,355-54-8773,"67923 Braun Spur
Doyleside, AR 78101",Y,hours
807,Melanie Lucas,368-14-2778,"10898 Kevin Estates
North Taylortown, SC 76448",Y,miles
808,James Herring,867-38-0054,"35893 Zuniga Junctions Apt. 123
Atkinschester, WV 92617",N,miles
809,James Smith,049-59-6384,"22010 Danielle Fort Apt. 102
East Justin, NH 38016",Y,hours
810,Hayden Wilson,154-12-5630,"Unit 3219 Box 8043
DPO AA 54722",Y,hours
811,Donna Fernandez,173-83-9405,"80273 Barron Garden
West Kellytown, PW 95215",Y,hours
812,Mary Hill,051-62-7904,"2138 Powell Mount
Eddiestad, NE 31659",N,miles
813,Carlos Medina,733-07-7302,"2625 Richard Place
Stevenland, GA 14210",N,miles
814,Catherine Gonzalez,647-37-4904,"746 Smith Corners
West Wendy, DE 79343",N,miles
815,Emily Young,161-81-9259,"USS Rodgers
FPO AP 50997",N,miles
816,Carolyn Greer,499-85-6550,"53370 Kristina Stravenue Suite 748
Brycehaven, MP 30417",Y,miles
817,Gabriella Salas,667-45-7464,"946 Brenda Crescent
South Zacharyport, NH 73506",Y,miles
818,Whitney Benton,025-96-8299,"2704 Tanya Plains
North Shane, VI 70316",N,miles
819,Pamela Myers,608-68-5467,"86628 Robinson Rest
Port Rachel, PR 89670",N,hours
820,Mary Caldwell,497-06-9578,"312 Johnson Fort
East Brianborough, MH 65124",Y,hours
821,Charles Durham,471-53-9932,"83147 Karen Inlet Suite 620
Port Luis, FM 12772",N,hours
822,Holly Holt,038-68-8094,"USCGC Stout
FPO AA 13420",Y,hours
823,Andrew Moreno,409-96-3300,"708 David Ports Suite 215
Parrishside, ID 84107",Y,hours
824,Amanda Smith,023-90-1899,"2847 Dunn Bridge
East Luke, DC 58651",Y,hours
825,Kayla Perez,082-21-3048,"0556 Nash Hills
West William, FL 02987",N,hours
826,Julie Gonzalez,832-96-0206,"USNS Ramos
FPO AP 93503",N,hours
827,Joseph Jackson,551-08-9740,"56378 Oscar Fields
Walkerside, PW 58007",Y,hours
828,Kenneth Holland,099-65-4554,"41986 Rodgers Brook Apt. 720
Timothystad, NC 68351",N,miles
829,Edward Harmon,186-13-6698,"968 Green Divide
North Johnshire, VI 12341",N,hours
830,Michelle Johnston MD,385-65-1153,"37596 Stone Pike
Johnport, ID 20852",N,hours
831,Cory Ferrell,607-15-6425,"58520 Sara Valley Suite 580
West Jeffreyburgh, NY 53241",N,hours
832,Melanie Anderson,745-61-8381,"2076 Baker Ville
Kathleenborough, DE 09801",N,hours
833,Elizabeth Williams,477-17-9819,"03196 Brent Orchard
Bushmouth, NE 32899",Y,miles
834,Phillip Jordan,121-87-5258,"7728 Martin Loop Apt. 167
South Kenneth, MP 78855",Y,hours
835,Jason Evans,750-75-3682,"3297 Sarah Estate Suite 055
Charlesshire, WY 66019",Y,hours
836,Eric Brown,410-66-5538,"USNS Alvarez
FPO AP 78517",N,miles
837,Michele Johnson,317-25-0848,"20329 Christopher Tunnel
South Joshua, AL 34006",Y,miles
838,Andrew Hunt,891-61-6569,"7174 Miller Court
New Mary, MN 30419",Y,miles
839,Joseph Perez,752-06-0715,"881 Stephanie Way
Port Paul, MO 19697",N,hours
840,Anthony Martin,256-27-7693,"123 Jordan Inlet Suite 345
Lake Charlesbury, ID 90387",Y,hours
841,David Williams,544-47-0276,"555 Brown Cove
Riveraville, MI 64376",N,miles
842,Cynthia Baker,314-39-5062,"7102 Jacqueline Vista Apt. 531
East Audreybury, AS 80851",Y,hours
843,Karina Gould,015-80-8463,"899 Matthews Course
Vincentchester, GU 94318",N,hours
844,Cody Rosales,661-59-9794,"381 Vincent Islands
South Kathleen, NY 90936",Y,miles
845,Adam Smith,405-87-1257,"067 Brenda Burg Suite 911
Estradashire, AS 78369",Y,hours
846,Mr. Martin Thompson DDS,242-96-5485,"57293 Reid Orchard
Armstrongfurt, MS 55659",Y,miles
847,Omar Sullivan,071-83-0148,"8371 David Islands
Madisonmouth, CT 62336",Y,hours
848,Benjamin Smith,434-78-1860,"025 Lisa Shoals
Armstronghaven, GU 35454",Y,miles
849,Jason Howard,727-36-6511,"234 Barry Place Apt. 460
Braunstad, ID 90538",N,hours
850,Melissa Lewis,457-74-0335,"789 Roberts Roads Suite 201
Lake Miketon, WV 56167",N,hours
851,Courtney James,186-27-1894,"PSC 6443, Box 9364
APO AE 79206",Y,hours
852,Lauren Gardner,097-90-3545,"287 Melissa Field Apt. 694
East Larrytown, PR 28268",N,miles
853,Marco Greer,576-52-4210,"7925 Kayla Walks
New Michael, IL 43830",Y,hours
854,Catherine Hall,301-89-3119,"5842 Byrd Curve
Natalieview, MH 87437",N,miles
855,Kim Ellis,850-63-8193,"Unit 5425 Box 3724
DPO AA 81270",N,hours
856,Daniel Jenkins,220-02-1164,"666 Michelle Key
Livingstonport, MD 36685",N,hours
857,Jackson Good,889-33-2499,"635 Jason Crossroad
North Robertburgh, MI 50912",Y,miles
858,Laura Burns,151-54-3093,"6960 Whitney Fork Suite 187
North Rhondahaven, DE 96021",N,hours
859,Johnny Berg,616-62-9493,"95188 Donna Hills
Port Rubenstad, TX 07612",Y,miles
860,Ryan Stewart,164-25-3044,"764 Thomas Field
East Johnmouth, IN 27401",N,hours
861,Autumn Davis,780-07-3850,"3803 Austin Way Apt. 504
Benjaminhaven, MD 45648",N,hours
862,Alyssa Rodriguez,329-02-4294,"1831 Paul Loop Suite 310
South Andrewfurt, CT 88057",N,miles
863,Veronica Mendoza,224-83-4909,"31234 Terrell Via
Whitemouth, OH 70819",N,miles
864,Shawn Brown,862-89-3730,"75760 Smith Freeway
West Bryanbury, NC 15766",Y,hours
865,Samantha Smith,856-32-8978,"9147 Crawford Greens
North Emilymouth, RI 68119",Y,miles
866,Yvonne Roach,577-88-1373,"9765 Carlson Centers
Perezhaven, OH 02009",Y,hours
867,Elizabeth Acevedo,513-92-4531,"358 Nicholas Stravenue Suite 353
New Melissa, UT 73161",Y,miles
868,Michael Murphy,811-36-5330,"4481 Patricia Ridges Apt. 764
East Marc, CA 36719",Y,miles
869,Anthony Mclaughlin,715-42-6661,"5876 Cassandra Fords Suite 048
Lake Dustin, PW 04946",Y,hours
870,Lauren Butler,032-38-8258,"73162 Crawford Forest
Juarezberg, OR 34520",Y,miles
871,Wanda Sanchez,291-04-2777,"61819 Gomez Squares Suite 012
East Nathanmouth, MH 54932",Y,hours
872,Nicholas Martinez,374-40-5102,"131 Ashley Plains
Robertsonstad, UT 42279",Y,hours
873,Sara Smith,534-73-3641,"316 Spears View Suite 431
Andrewsbury, PA 49720",Y,miles
874,Kevin Gonzalez,893-60-5324,"3548 Francisco Divide
West Sheilaport, NY 27698",Y,miles
875,Kathryn Sanchez,445-25-3530,"436 Lam Plain
Peterport, CA 73863",N,hours
876,Ashley Bridges,275-30-2216,"771 Miller Ridge Suite 119
Danielsfurt, RI 73713",N,miles
877,Ann Haynes,869-08-5149,"7768 Patricia Square Suite 294
South Markchester, FM 17906",Y,miles
878,Jimmy Austin,085-71-2731,"84550 Mccall Neck Suite 974
Robersonside, WV 43901",N,miles
879,Adam Boyer,798-19-7176,"96121 Smith Fork Suite 862
Brownview, CT 34341",N,hours
880,Paul Hernandez,476-83-8588,"8246 Christian Hill
Barbermouth, KS 96527",N,miles
881,Michael Cortez,884-19-7274,"58035 Wheeler Plaza
South Jasonview, RI 03617",N,hours
882,Donald Gonzalez,301-94-1057,"65034 John Radial
Franciscoville, DC 04234",Y,miles
883,Sarah Medina MD,667-59-4432,"2367 Gordon Roads
Wilsonstad, WA 22877",Y,miles
884,Maria Gardner,722-08-2928,"34723 Moore Haven
Robertfurt, TX 85053",N,hours
885,Amanda Lewis,428-87-9685,"90253 Megan Walks
South Samanthaview, DE 18786",N,hours
886,Tracey Olsen,572-86-0365,"161 Keller Station Apt. 274
Crystalbury, NV 20576",Y,miles
887,John Parsons,343-36-8196,"8302 Anthony Manors
South Emilyhaven, AL 71710",N,hours
888,Carlos Torres,551-02-0916,"42342 Kelly Plaza Suite 952
South Laurie, OH 01139",Y,miles
889,Shawn Mendez,629-09-9493,"4795 Mark Bypass
South Cherylberg, MI 66851",N,hours
890,Stephen Robinson,735-10-7701,"79496 Townsend Mountain
Holdenchester, OH 66698",Y,hours
891,Adam Martinez,489-31-1171,"0204 Smith Tunnel Suite 051
New Bradleybury, AK 15882",Y,miles
892,Vanessa Ortiz,214-22-2467,"74473 Robin Overpass
Lake Ann, DC 06981",N,hours
893,Samantha Robinson,710-89-2893,"45191 Martin Drives
Tateville, IA 96038",Y,miles
894,Mr. Phillip Campbell,248-45-1402,"63304 Justin Camp
Donaldland, AL 63559",Y,miles
895,Lindsay Mason,083-27-2966,"7498 Terrell Spurs Apt. 604
Mendozastad, MT 86800",Y,hours
896,Jeffrey Jackson,345-32-7294,"538 James Rest Suite 617
Yodershire, PA 92496",N,miles
897,Matthew Brown,123-99-5680,"75202 Moore Isle Apt. 246
Douglaschester, NV 45555",Y,miles
898,James Payne,408-73-7216,"111 Jackson Isle Suite 350
Port Albert, VA 87364",Y,miles
899,Maria Knapp,707-54-2709,"1975 Jean Isle Suite 766
West Lisaton, AR 88546",N,miles
900,Catherine Ramsey,468-68-7117,"10892 Reed Bridge
Rachelton, MP 79753",N,hours
901,Daniel Jackson,215-25-9493,"8072 Susan Court Apt. 440
Houseshire, MP 22557",N,hours
902,Caitlin Bishop,898-56-7708,"041 Debra River Apt. 724
South Amy, IN 39389",N,hours
903,Stephen Johnson,624-17-6454,"25598 Pamela View Suite 514
South Billy, CT 52404",N,miles
904,Sarah Valencia,178-84-8965,"9583 Jones Flat Suite 083
East Crystalland, HI 60095",Y,miles
905,Jason Mercer,148-53-1378,"0575 James Greens Suite 381
Millerland, AS 28032",Y,miles
906,Sandra Obrien,525-54-6401,"550 Davis Port
Maldonadomouth, DC 13793",N,hours
907,Christopher Melendez,342-56-9187,"USCGC Miller
FPO AE 68270",Y,hours
908,Douglas Love,399-47-6552,"61619 Wendy Street Suite 919
Donnaburgh, CO 30030",Y,hours
909,Dr. John Anderson,066-22-5998,"998 Jennifer Fields Suite 434
West Denise, PR 81311",N,hours
910,Manuel Williams,858-84-0997,"59558 Jessica Cape
West Billymouth, PA 99171",N,hours
911,Mitchell Ortiz,490-95-3850,"17721 Jeffrey Forks Apt. 435
Susanstad, CT 29579",N,hours
912,Tiffany Miranda,429-03-6401,"09396 Barbara Circle
North Thomas, ID 04272",Y,hours
913,Kelly Terry,283-85-2728,"376 Lori Estates Apt. 088
Port Rachel, NV 76479",Y,miles
914,Savannah Wells,503-29-1567,"USCGC Sharp
FPO AE 04795",N,miles
915,Tim Tran,386-36-6074,"95499 Kramer Key
West Paul, WY 32433",Y,miles
916,Kevin Jackson,573-29-2206,"PSC 7225, Box 1535
APO AE 11908",Y,hours
917,Brittney Foster,325-16-1265,"5369 Lozano Crossroad
Port Heather, KS 64570",N,miles
918,Brandon Maldonado,612-02-8047,"9361 Powell Camp Suite 026
Lake John, MO 64607",Y,hours
919,Diane Parker,058-85-5486,"206 Rogers Dale
New Michael, OK 94619",Y,miles
920,Stephen Schmidt,220-39-4612,"972 Jeffrey Turnpike
South Jenniferfort, VI 97075",N,miles
921,Nicole Diaz,625-59-4963,"261 Matthew Squares Apt. 499
South Curtisborough, MP 81562",Y,hours
922,Lisa Day,696-38-3581,"55190 Jason Walk Suite 745
East Shannonburgh, CA 42298",N,hours
923,James Anderson,477-75-6387,"4066 Smith Island Apt. 238
Richardchester, SD 77041",Y,miles
924,Eric Cohen,168-66-6988,"USNV Hill
FPO AE 31695",Y,miles
925,Brian Stewart,678-29-9564,"1242 Alexander Ridge Apt. 743
West Nancyshire, FM 86621",N,hours
926,Donald Thompson,018-69-1964,"96742 Boyd Mews Suite 407
Schmidthaven, WV 77501",N,miles
927,Tina Rodriguez,778-44-2859,"577 Corey Circles Suite 155
West Leslie, TX 86396",N,miles
928,Preston Snow,232-95-5393,"020 Heidi Ranch
Port Tammymouth, AL 85343",N,miles
929,Ann Jones,200-08-0952,"0357 Lawrence Summit
Cruzborough, GA 82767",N,miles
930,Kevin Jones,205-52-9808,"313 Jacqueline Hills Suite 212
Port Annland, AL 42301",N,miles
931,Jessica Richards,288-07-5089,"977 Smith Port
Tylerhaven, MA 99862",Y,miles
932,Matthew Johnson,400-83-6670,"95522 Kelley Prairie Apt. 558
Lake Brian, MH 93112",Y,hours
933,Cody Suarez,002-29-8956,"743 Yvette Circle Apt. 674
Allenborough, HI 52272",Y,hours
934,Karen Aguilar,230-77-0222,"328 Savannah Knoll
West Madison, UT 94448",Y,hours
935,Darren Wilson Jr.,413-28-9231,"711 Park Radial Apt. 044
Richardberg, NC 62052",Y,hours
936,Joshua Bishop,790-31-0379,"353 Frank Camp Apt. 961
East Stephenburgh, IL 22021",Y,hours
937,Sierra Palmer,654-74-5212,"90004 Henderson Ford Suite 721
East Heather, NV 60391",Y,miles
938,Tiffany Solis,759-96-7578,"PSC 8511, Box 9997
APO AA 11074",Y,hours
939,Eric Jimenez,061-90-9679,"2908 Mcdonald Branch Suite 668
Justinborough, CA 83635",Y,hours
940,Amy Cantrell,572-41-7337,"1286 Robinson Ways Apt. 650
North Ronaldfurt, RI 82401",N,miles
941,Bradley Wu,013-51-0861,"130 Ruben Spur
Donaldport, MH 18957",N,miles
942,Kim Farley,559-90-9407,"9116 Howard Rapid
Roachtown, OR 90714",Y,miles
943,Bethany Chapman,077-52-4109,"0048 Clark Port Apt. 390
Port Albertton, NY 11506",N,miles
944,Becky Collins,386-19-6639,"93324 Tammy Port Apt. 594
Klinefort, NC 77611",N,miles
945,Jeffrey Bennett,248-74-5850,"43976 Cruz Orchard Apt. 332
Davidborough, AR 71132",N,hours
946,John Taylor,654-49-1668,"034 Nathan Inlet Suite 251
Greenstad, DC 65785",Y,hours
947,Christina Mills,478-59-5912,"278 Morgan Manors Apt. 314
West Chad, IN 17335",Y,hours
948,Abigail Fowler,155-66-9402,"634 Sara Fort
New Carloshaven, FL 86147",N,miles
949,Lisa Marquez,747-16-7167,"6899 Ortiz Lake Apt. 470
Parkville, HI 69087",N,miles
950,Erica Brooks,352-22-2344,"98591 Gregory Circles
Jamesmouth, IL 32123",Y,hours
951,Timothy Meyers,296-70-7748,"49179 Hodge Mission
Paulmouth, GA 79967",Y,hours
952,Martha Coleman,469-27-2251,"1324 Benjamin Orchard
South Prestonshire, NH 17574",Y,hours
953,Michael Savage,288-93-4901,"75338 Tiffany Grove Apt. 741
Lisamouth, GU 68523",N,miles
954,Jacob Ford,774-36-6961,"008 Sherry Court
West Paul, RI 62895",N,hours
955,Sherri Ferguson,203-66-4861,"99590 Melvin Knoll Suite 303
North Craig, SC 82804",N,miles
956,Gina Sampson,267-76-5014,"126 Sexton Wells
Colonmouth, CO 24000",N,miles
957,Mr. Michael Jimenez Jr.,627-03-8486,"54312 James Way Apt. 936
Stephanieborough, IL 90021",N,hours
958,Vickie Thornton MD,796-22-5040,"39181 May View Apt. 549
Lake Brian, WY 34761",N,miles
959,Rebecca Arnold,424-40-5525,"1619 Frey Highway Apt. 423
Lake Annastad, NE 24217",Y,hours
960,Christine Williams,871-74-1924,"497 Garcia Forest Apt. 502
Lake Shannonborough, TN 47803",Y,hours
961,Edward Willis,164-84-4006,"349 Martin Roads
Lake Steventon, FM 44863",N,hours
962,Sharon Benson,302-27-0620,"038 Jessica Loop
Michaelmouth, UT 72572",N,hours
963,Barbara Mcmillan,132-40-4514,"730 Donovan Plains Apt. 617
Kennethville, TX 88759",Y,miles
964,Richard Davis,728-32-4184,"6168 William Overpass Suite 653
South Pamela, WY 11009",N,miles
965,Kimberly Johnson,228-41-5140,"USS Lewis
FPO AA 58959",N,miles
966,Ricky Pratt,284-79-3595,"PSC 3727, Box 9971
APO AE 50392",N,miles
967,Michael Wilson,605-32-9780,"94798 Campos Prairie
Port Melissatown, VT 30223",Y,miles
968,William Ford,575-41-5058,"0603 Molina Unions Suite 644
Teresaport, RI 24812",N,miles
969,Cindy Jackson,824-64-9700,"752 Harris Burg Apt. 265
Judyside, VT 34978",Y,hours
970,Manuel Williams,342-27-7471,"39723 Jennifer Union Suite 951
Port Waynefort, PW 85843",Y,hours
971,Lee Perez,068-20-8659,"3101 Allen Circles
New Kevinview, WY 33954",N,hours
972,Johnny Hernandez,489-69-3048,"7786 Bradford Trace
Breannaland, FL 64171",Y,hours
973,Rebecca Bates,471-28-0753,"4484 Joshua Burgs
Lake Paulchester, CT 85205",N,miles
974,Wendy Burch,461-74-0254,"83116 Johnny Point Suite 307
Aguilarland, WA 10120",Y,miles
975,Julie Morris,433-75-8695,"732 Megan Brooks Apt. 428
Turnerport, ID 18116",Y,miles
976,Amanda Knight,516-99-4936,"USNS Campbell
FPO AA 38907",N,hours
977,Richard Hernandez DVM,678-10-1691,"64045 Barbara Bridge Apt. 168
Brownmouth, SD 05498",N,miles
978,Carlos Marks,668-24-2009,"08447 Johnston Park Suite 973
Foxshire, DE 81073",N,hours
979,Mark Torres,413-31-5979,"8314 Sullivan Stream Apt. 450
Carlsonberg, WY 77836",Y,hours
980,Nicholas Griffin,720-36-1045,"2325 Scott Flats
South Joyce, UT 65923",Y,hours
981,Adam Dillon,123-80-6650,"87458 Joseph Route
South Leah, LA 97771",Y,miles
982,Mrs. Kimberly Hamilton,723-02-0134,"02421 Robert Knoll
Williamsbury, OR 98329",N,miles
983,Anna Daniel,709-12-8997,"46757 Rebecca Valleys
Michaelhaven, GA 32426",Y,miles
984,Emily Thomas DDS,795-47-6231,"USS Matthews
FPO AA 92725",N,hours
985,Kevin Ward,095-92-1217,"537 Franklin Landing Suite 840
South Melissa, FL 99593",Y,miles
986,Cassidy Johnson,517-01-7150,"0769 Mandy Islands
New Oscarberg, MN 20853",N,miles
987,Jessica Harrington,247-19-6201,"794 Smith Keys
Garnerville, OR 22201",Y,miles
988,Melissa Singleton,289-72-8428,"295 Jordan Parks
Crosbyberg, PA 47438",Y,miles
989,Renee Schroeder,320-97-8057,"960 George Ranch
Priceside, AZ 07275",Y,miles
990,Paul Wang,831-11-8520,"07691 Joshua Row
Reynoldsview, NY 14252",Y,miles
991,Nicole Brandt,308-23-8002,"25309 Monica Route
Thompsonchester, CO 72184",N,miles
992,Brad Hicks,023-61-5206,"4502 Craig Streets
North Mary, CA 68078",Y,miles
993,Justin Hardy,581-19-8467,"4168 Kim Station
Jamesborough, OH 25050",Y,hours
994,Brittany Carter,557-68-1114,"7580 Emily Causeway Apt. 677
South Scotthaven, NM 63482",N,miles
995,Jacqueline Morris,505-20-3349,"79410 Michael Highway
New Allisonberg, PW 16421",Y,hours
996,Jacob Phelps,888-04-6648,"7154 Douglas Circles Apt. 053
Emilyfort, OK 55001",N,miles
997,Michael Shepard,667-14-9866,"Unit 3379 Box 7330
DPO AA 70057",N,miles
998,Jamie Dunlap,286-92-2983,"4072 Brooks Plains Suite 394
Wellshaven, ND 66837",N,hours
999,Reginald Ferguson,027-26-8664,"851 Smith Locks
Adamsbury, MS 45693",N,hours
1000,Emily Brown,059-66-2993,"PSC 3627, Box 6518
APO AA 84791",Y,miles
1001,Edward Cunningham,151-01-9433,"111 Lauren Ridges Suite 881
Whitechester, MD 44903",Y,miles
1002,Brian Keller,617-67-9123,"717 Diaz Dam Apt. 567
New Christopherport, DC 32736",Y,miles
1003,Elizabeth Cuevas,163-95-5377,"4308 Catherine Creek
Henrybury, SC 25162",Y,hours
1004,Derek Stanton,209-75-8797,"02751 Anderson Avenue
Clarkfurt, RI 63702",Y,hours
1005,Randall Gonzales,275-73-8855,"8643 Calhoun View
West Stephanieside, MD 47618",N,hours
1006,John Miller,304-59-1739,"Unit 9049 Box 4000
DPO AA 38382",N,miles
1007,Roberto Maddox,817-93-5090,"168 Heidi Prairie
North Jesseburgh, MI 74813",Y,miles
1008,Alec Hughes,884-86-5761,"715 Hale Street Apt. 177
New Paultown, IN 85260",N,miles
1009,Robert Delacruz,805-84-9666,"7142 Hernandez Burgs Suite 997
New Jenniferview, KS 99913",Y,hours
